taxsimid,year,state,mstat,page,sage,depx,pwages,psemp,swages,ssemp,dividends,intrec,stcg,ltcg,otherprop,nonprop,pensions,gssi,pui,sui,transfers,rentpaid,proptax,otheritem,childcare,mortgage,scorp,idtl,age1,age2,age3,age4,age5,age6,age7,age8,age9,age10,age11,taxsim_state_tax,policyengine_state_tax,state_difference
4814,2021,33,2,67,34,3,0.0,0.0,36666.66666666667,0.0,0.0,6.559009393680614,0.0,0.0,0,0,0.0,0.0,0.0,0.0,0,2815.7330992098327,0.0,0,0.0,0.0,0.0,2,16.0,9.0,6.0,,,,,,,,,-1920.93,-3180.429931640625,1259.499931640625
100216,2021,6,2,81,85,0,70314.80468749987,0.0,9163.55859375,0.0,17151.804321289062,5383.7569580078125,0.0,43914.75073242187,0,0,4399.562744140623,44950.63014981273,0.0,0.0,0,0.0,0.0,0,0.0,0.0,477.5740051269531,2,,,,,,,,,,,,3559.74,5184.97998046875,-1625.2399804687502
70148,2021,50,2,44,49,4,12071621.0,121907.140625,3923.2783203125,0.0,1228253.25,1117230.362988472,193027.96875,21937942.0,0,0,16655.9765625,0.0,0.0,0.0,0,0.0,0.0,0,0.0,0.0,3287557.75,2,18.0,17.0,13.0,11.0,,,,,,,,2544636.75,2545171.0,-534.25
101176,2021,32,2,35,35,2,52972.203125,0.0,35483.70703125,0.0,0.0,0.0,0.0,0.0,0,0,0.0,0.0,0.0,0.0,0,18363.47673397717,0.0,0,0.0,0.0,0.0,2,11.0,9.0,,,,,,,,,,1000.44,0.4399999976158142,1000.0000000023842
21863,2021,47,2,39,37,1,6427.142857142858,0.0,0.0,30039.856424982056,0.0,10.931682322801024,0.0,0.0,0,0,0.0,0.0,0.0,0.0,0,25708.86742756804,0.0,0,0.0,0.0,0.0,2,8.0,,,,,,,,,,,138.57,429.1400146484375,-290.5700146484375
90818,2021,4,2,42,48,2,0.0,-24317.689453125,47511.5703125,0.0,0.0,0.0,-86354.46118164062,-22196.740234375,0,0,0.0,0.0,0.0,0.0,0,0.0,0.0,0,0.0,0.0,-126322.0859375,2,6.0,4.0,,,,,,,,,,0.0,1453.3299560546875,-1453.3299560546875
93257,2021,37,2,66,64,0,26706282.0,1081829.5,36269.2109375,0.0,23914098.824005127,7215757.920982361,1107699.5,39853558.76283264,0,0,1041014.5625,35592.34269662921,0.0,0.0,0,0.0,0.0,0,0.0,0.0,67379464.0,2,,,,,,,,,,,,8413541.71,8413984.0,-442.28999999910593
4052,2021,7,2,30,28,0,52380.95238095238,0.0,68095.23809523809,0.0,0.0,375.3210930828351,0.0,0.0,0,0,0.0,0.0,0.0,0.0,0,0.0,0.0,0,0.0,0.0,0.0,2,,,,,,,,,,,,5909.65,5946.830078125,-37.180078125000364
68154,2021,14,2,74,74,0,144654.20312499988,30.934736251830618,0.0,-29613.5859375,36470.66015624995,4951.519042968742,-319927.125,-344476.21093750023,0,0,18801.136718749975,32852.58426966292,0.0,0.0,0,0.0,0.0,0,0.0,0.0,-139999.66015625064,2,,,,,,,,,,,,333.72,7263.81005859375,-6930.09005859375
99867,2021,6,1,44,0,0,382358.25,1126020.0,0.0,0.0,2598797.5,47208760.0,49358360.0,51839840.0,0,0,95769.6171875,0.0,0.0,0.0,0,23260.40386303775,0.0,0,0.0,0.0,9098823.0,2,,,,,,,,,,,,7182274.7,7275533.5,-93258.79999999981
1108,2021,46,2,30,31,2,49238.09523809525,0.0,59190.47619047619,6374.73079684135,0.0,145.75576430401364,0.0,0.0,0,0,0.0,0.0,0.0,0.0,0,0.0,0.0,0,8445.06329113924,0.0,0.0,2,3.0,1.0,,,,,,,,,,2335.64,3347.31005859375,-1011.6700585937501
101289,2021,32,2,62,62,0,3287.353271484375,-308.852294921875,144924.14062499985,0.0,4493.820312499995,4005.32543945311,-24853.140625,32046.5078125,0,0,6452.598632812485,25742.69662921348,0.0,0.0,0,0.0,0.0,0,0.0,0.0,42111.60546874967,2,,,,,,,,,,,,8689.1,7689.10009765625,999.9999023437504
22474,2021,47,2,57,54,0,99523.80952380953,0.0,130952.38095238096,0.0,913.7425742574258,3170.187873612297,257.58620689655174,1889.443757725587,0,0,0.0,0.0,0.0,0.0,0,0.0,0.0,0,0.0,0.0,0.0,2,,,,,,,,,,,,12071.21,12471.2099609375,-399.9999609375009
22049,2021,47,2,42,45,2,44000.0,0.0,23047.61904761905,0.0,0.0,200.4141759180187,0.0,0.0,0,0,0.0,0.0,0.0,0.0,0,36726.95346795434,0.0,0,0.0,0.0,0.0,2,16.0,15.0,,,,,,,,,,2220.36,2620.360107421875,-400.0001074218749
187,2021,20,1,59,0,0,0.0,0.0,0.0,0.0,0.0,0.0,0.0,0.0,0,0,0.0,0.0,0.0,0.0,0,9181.738366988586,0.0,0,0.0,0.0,0.0,2,,,,,,,,,,,,-2130.0,-1130.0,-1000.0
110290,2021,5,2,56,69,1,8242.296875,0.0,19801.212890625,166864.796875,115832.03125,86278.0546875,7728.60107421875,2222750.75,0,0,35724.51171875,11032.58426966292,10880.0,0.0,0,6121.158911325723,0.0,0,0.0,0.0,589563.0625,2,23.0,,,,,,,,,,,345189.49,389217.53125,-44028.04125000001
78317,2021,47,1,51,0,0,45465.13671875,0.0,0.0,0.0,0.0,0.0,0.0,0.0,0,0,0.0,0.0,0.0,0.0,0,0.0,0.0,0,0.0,0.0,0.0,2,,,,,,,,,,,,1844.52,2044.52001953125,-200.00001953125002
61112,2021,33,1,51,0,0,11668.9892578125,0.0,0.0,0.0,0.0,0.0,0.0,0.0,0,0,0.0,0.0,0.0,0.0,0,12242.317822651446,0.0,0,0.0,0.0,0.0,2,,,,,,,,,,,,38.11,-674.3800048828125,712.4900048828125
90042,2021,25,1,26,0,0,2291063.0,182955.234375,0.0,0.0,10817648.0,338706.6875,2866581.75,3879513.0,0,0,89136.7265625,0.0,0.0,0.0,0,4896.927129060579,0.0,0,0.0,0.0,67151056.0,2,,,,,,,,,,,,4375126.01,4375568.5,-442.4900000002235
105619,2021,38,2,54,54,0,25738.8359375,0.0,189823.40625,0.0,3944.796630859375,826.66162109375,0.0,10885.3916015625,0,0,8464.6220703125,0.0,0.0,0.0,0,0.0,0.0,0,0.0,0.0,33426.35546875,2,,,,,,,,,,,,18911.54,22906.400390625,-3994.860390624999
68863,2021,23,1,70,0,0,0.0,-43423.453125,0.0,0.0,0.0,0.0,-36340.76953125,-61019.953125,0,0,0.0,1838.76404494382,0.0,0.0,0,0.0,0.0,0,0.0,0.0,-143769.6875,2,,,,,,,,,,,,-497.0,-26233.119140625,25736.119140625
90967,2021,4,2,66,59,0,26706282.0,1081829.5,0.0,0.0,23913880.0,7215677.0,1102675.0346679688,39853404.0,0,0,1041014.5625,0.0,0.0,0.0,0,0.0,0.0,0,0.0,0.0,67379464.0,2,,,,,,,,,,,,6539929.68,4191070.5,2348859.1799999997
78794,2021,47,2,43,43,2,313781.03125,358255.5,3486.61328125,0.0,86646.859375,1113.7772216796875,10684.1943359375,2436319.25,0,0,13499.1337890625,0.0,0.0,0.0,0,0.0,0.0,0,0.0,0.0,454434.0,2,17.0,15.0,,,,,,,,,,209066.34,209975.4375,-909.0975000000035
35056,2021,19,2,56,57,0,94285.71428571428,0.0,66000.0,0.0,0.0,29.151152860802732,0.0,0.0,0,0,0.0,0.0,0.0,0.0,0,0.0,0.0,0,0.0,0.0,0.0,2,,,,,,,,,,,,5624.24,5664.240234375,-40.00023437500022
89361,2021,25,1,82,0,0,2139117.0,553217.8125,0.0,0.0,18356476.0,711061.75,2847597.75,24285940.0,0,0,580203.3125,19613.483146067418,0.0,0.0,0,0.0,0.0,0,0.0,0.0,5789027.5,2,,,,,,,,,,,,2732548.81,2732991.25,-442.4399999999441
65612,2021,36,2,43,48,0,131299.859375,0.7799475789070129,203746.28125,3255.79833984375,27442.234130859375,3880.1761474609375,0.0,57458.8955078125,0,0,17627.686767578125,0.0,0.0,0.0,0,15915.013169446882,0.0,0,0.0,0.0,172690.296875,2,,,,,,,,,,,,15641.31,22539.1796875,-6897.8696875000005
101128,2021,32,2,58,53,0,14361.0029296875,0.0,0.0,-10894.7734375,0.0,0.0,-206939.125,-3938.85400390625,0,0,0.0,0.0,0.0,0.0,0,0.0,0.0,0,0.0,0.0,-2152.0498046875,2,,,,,,,,,,,,-1789.67,-3060.39990234375,1270.72990234375
49456,2021,38,2,55,55,0,188571.42857142855,0.0,188571.42857142855,0.0,4568.712871287129,10204.361058923996,0.0,0.0,0,0,0.0,0.0,0.0,0.0,0,0.0,0.0,0,0.0,0.0,0.0,2,,,,,,,,,,,,28886.28,34945.37890625,-6059.098906250001
70547,2021,50,2,37,40,2,2009181.125,953079.4375,94290.2890625,0.0,227325.3459472656,572328.7385253906,673274.4375,7629253.2734375,0,0,21883.365234375,0.0,0.0,0.0,0,0.0,0.0,0,5413.502109704641,0.0,2161186.8349609375,2,9.0,5.0,,,,,,,,,,910955.32,911218.5625,-263.2425000000512
52233,2021,5,2,48,55,2,0.0,5313.338119167265,0.0,0.0,0.0,0.0,0.0,0.0,0,0,0.0,0.0,0.0,0.0,0,0.0,0.0,0,0.0,0.0,0.0,2,16.0,14.0,,,,,,,,,,-1775.8,-1678.9100341796875,-96.88996582031245
106885,2021,5,1,44,0,2,4997.60400390625,0.0,0.0,0.0,0.0,0.0,0.0,0.0,0,0,0.0,0.0,0.0,0.0,0,5264.196663740122,0.0,0,0.0,0.0,0.0,2,7.0,6.0,,,,,,,,,,-1797.24,-1699.18994140625,-98.05005859375001
58308,2021,22,2,46,46,1,265160.53125,0.0,93766.0,0.0,486.6327362060547,242.00323486328125,0.0,4.154914855957031,0,0,0.0,0.0,0.0,0.0,0,0.0,0.0,0,0.0,0.0,0.0,2,15.0,,,,,,,,,,,17102.97,17282.970703125,-180.00070312499884
44763,2021,32,1,23,0,0,5238.0952380952385,0.0,0.0,0.0,0.0,0.0,0.0,0.0,0,0,0.0,0.0,0.0,0.0,0,0.0,0.0,0,0.0,0.0,0.0,2,,,,,,,,,,,,-1130.29,-1630.2900390625,500.00003906250004
62114,2021,33,1,67,0,0,0.0,-1450566.0,0.0,0.0,0.0,0.0,-853330.125,-549857.5625,0,0,0.0,21819.999999999996,0.0,0.0,0,0.0,0.0,0,0.0,0.0,-1371040.0,2,,,,,,,,,,,,-44689.31,0.0,-44689.31
101014,2021,32,1,23,0,0,21248.71875,0.0,0.0,0.0,0.0,0.0,0.0,0.0,0,0,0.0,0.0,0.0,0.0,0,0.0,0.0,0,0.0,0.0,0.0,2,,,,,,,,,,,,-713.6,-1213.5999755859375,499.9999755859375
75584,2021,17,2,73,71,0,19234792.0,755087.875,0.0,0.0,8286988.5,2042221.375,7847397.0,26868022.0,0,0,205968.6875,50625.26029962546,0.0,0.0,0,0.0,0.0,0,0.0,0.0,35049780.0,2,,,,,,,,,,,,5716209.17,5716714.0,-504.8300000000745
36287,2021,19,2,35,32,1,98476.19047619047,0.0,75428.57142857143,0.0,0.0,21.863364645602047,0.0,0.0,0,0,0.0,0.0,0.0,0.0,0,0.0,0.0,0,0.0,0.0,0.0,2,5.0,,,,,,,,,,,6241.27,6281.27001953125,-40.00001953124956
61912,2021,33,1,55,0,0,166309.8125,8972.00390625,0.0,0.0,11978.7255859375,2596.885986328125,0.0,12176.8701171875,0,0,5655.4111328125,0.0,0.0,0.0,0,0.0,0.0,0,0.0,0.0,0.0,2,,,,,,,,,,,,12600.24,12632.830078125,-32.59007812500022
41313,2021,27,2,51,56,1,202190.4761904762,0.0,0.0,0.0,0.0,145.75576430401364,0.0,0.0,0,0,31181.771484375,0.0,0.0,0.0,0,0.0,0.0,0,0.0,0.0,0.0,2,10.0,,,,,,,,,,,11388.22,13971.4697265625,-2583.2497265625007
49469,2021,38,2,27,26,1,42742.857142857145,0.0,0.0,0.0,0.0,0.0,0.0,0.0,0,0,0.0,0.0,0.0,0.0,0,33054.258121158906,0.0,0,0.0,0.0,0.0,2,4.0,,,,,,,,,,,1611.14,2098.550048828125,-487.4100488281249
57929,2021,46,2,61,62,0,26925.166015625,0.0,0.0,-1112986.25,0.0,11.606467247009276,-629177.9375,-2643064.75,0,0,0.0,0.0,0.0,0.0,0,0.0,0.0,0,0.0,0.0,-5432290.5,2,,,,,,,,,,,,0.0,-24.34000015258789,24.34000015258789
22429,2021,47,2,62,61,0,33523.80952380953,0.0,84570.09523809524,0.0,2.2843564356435646,3657.7409052092225,0.0,0.0,0,0,0.0,0.0,0.0,0.0,0,0.0,0.0,0,0.0,0.0,0.0,2,,,,,,,,,,,,5461.4,5861.39990234375,-399.99990234375036
102220,2021,3,2,64,65,0,335928.96875,1870764.75,0.0,0.0,611368.5625,69907.57736730576,-750.55078125,18682697.88671875,0,0,63405.49609375,19172.179775280896,0.0,0.0,0,0.0,0.0,0,0.0,0.0,15002652.85205078,2,,,,,,,,,,,,1433255.75,1433645.75,-390.0
81503,2021,41,1,66,0,0,102088.8203125,1732467.25,0.0,0.0,2649219.75,202092.296875,2214346.25,12971486.0,0,0,81572.90625,0.0,0.0,0.0,0,0.0,0.0,0,0.0,0.0,7624573.0,2,,,,,,,,,,,,1394723.33,1526550.375,-131827.04499999993
40781,2021,27,2,36,34,2,0.0,53122.75664034458,41904.76190476191,0.0,0.0,1010.0874466268144,0.0,0.0,0,0,0.0,0.0,0.0,0.0,0,0.0,0.0,0,12992.40506329114,0.0,0.0,2,4.0,2.0,,,,,,,,,,1366.04,3790.6201171875,-2424.5801171875
52081,2021,5,1,34,0,0,1152379.9047619049,0.0,0.0,0.0,0.0,0.0,0.0,0.0,0,0,0.0,0.0,0.0,0.0,0,51417.73485513608,0.0,0,0.0,0.0,0.0,2,,,,,,,,,,,,113626.11,126497.25,-12871.14
36160,2021,19,2,44,43,0,0.0,0.0,56571.42857142857,0.0,0.0,0.0,0.0,0.0,0,0,0.0,0.0,0.0,0.0,0,0.0,0.0,0,0.0,0.0,0.0,2,,,,,,,,,,,,1407.71,1447.7099609375,-39.999960937499964
100507,2021,32,1,53,0,0,0.0,-243616.703125,0.0,0.0,0.0,0.0,-2524870.0,-607623.125,0,0,0.0,0.0,0.0,0.0,0,2570.886742756804,0.0,0,0.0,0.0,-2812658.0,2,,,,,,,,,,,,-945.0,-1445.0,500.0
62910,2021,31,2,75,76,0,0.0,0.0,566440.375,3544.693359375,223766.40625,31933.3515625,-4562.004199981689,1295792.625,0,0,57046.87109375,49399.417602996255,0.0,0.0,0,0.0,0.0,0,0.0,0.0,999278.9375,2,,,,,,,,,,,,305057.44,305845.8125,-788.3724999999977
112129,2021,12,2,62,54,1,192629.1875,34898.05859375,51331.9375,0.0,10336.021484375,4107.3748071193695,76.17919158935547,285419.625,0,0,5976.7841796875,0.0,0.0,0.0,0,0.0,0.0,0,0.0,0.0,1290201.375,2,15.0,,,,,,,,,,,182511.22,182731.015625,-219.79562499999884
63150,2021,31,2,70,69,0,80813.49999999983,0.0,0.0,0.0,16216.931640624978,6666.337890624997,0.0,78376.73437499953,0,0,30918.48046875,3932.911985018726,0.0,0.0,0,0.0,0.0,0,0.0,0.0,189413.3124999979,2,,,,,,,,,,,,20542.42,21335.919921875,-793.4999218750017
6111,2021,33,1,35,0,2,37043.80952380953,0.0,0.0,0.0,0.0,73.6066609735269,0.0,0.0,0,0,0.0,0.0,0.0,0.0,0,19587.708516242317,0.0,0,0.0,0.0,0.0,2,7.0,6.0,,,,,,,,,,-433.84,-1161.7900390625,727.9500390625001
15138,2021,24,2,64,64,0,0.0,0.0,0.0,0.0,18276.2220990099,65641.10845431255,6010.3448275862065,44087.02101359703,0,0,0.0,0.0,0.0,0.0,0,0.0,0.0,0,0.0,0.0,0.0,2,,,,,,,,,,,,3668.94,6832.35009765625,-3163.41009765625
49589,2021,38,1,41,0,0,113142.85714285714,0.0,0.0,0.0,228.43564356435644,2842.237403928266,0.0,0.0,0,0,0.0,0.0,0.0,0.0,0,0.0,0.0,0,0.0,0.0,0.0,2,,,,,,,,,,,,7513.38,9089.1796875,-1575.7996875
25662,2021,41,1,61,0,0,60761.90476190476,0.0,0.0,0.0,0.0,0.0,0.0,0.0,0,0,0.0,0.0,0.0,0.0,0,0.0,0.0,0,0.0,0.0,0.0,2,,,,,,,,,,,,2046.03,2846.030029296875,-800.000029296875
61420,2021,33,2,42,45,1,0.0,-74427.8828125,0.0,0.0,0.0,0.0,-212801.982421875,-12017.2841796875,0,0,0.0,0.0,0.0,0.0,0,0.0,0.0,0,15157.805907172997,0.0,-1570167.0,2,1.0,,,,,,,,,,,-52052.46,0.0,-52052.46
107353,2021,5,2,62,58,0,240961.859375,398.6438293457031,29736.87109375,0.0,43351.89453125,18408.759210586548,82.46617889404297,782950.875,0,0,27670.580078125,0.0,0.0,0.0,0,0.0,0.0,0,0.0,0.0,861612.75,2,,,,,,,,,,,,199692.45,223149.6875,-23457.23749999999
86965,2021,18,2,26,23,0,22006.73828125,0.0,1600.3890380859375,0.0,0.0,10.779850006103516,-10912.884033203123,0.0,0,0,0.0,0.0,0.0,0.0,0,0.0,0.0,0,0.0,0.0,-23252.44775390625,2,,,,,,,,,,,,0.0,445.54998779296875,-445.54998779296875
22156,2021,47,2,53,22,1,68095.23809523809,0.0,22880.0,0.0,0.0,3643.8941076003416,0.0,0.0,0,0,0.0,0.0,0.0,0.0,0,0.0,0.0,0,0.0,0.0,0.0,2,18.0,,,,,,,,,,,3847.68,4247.669921875,-399.98992187500016
22567,2021,47,2,67,29,0,0.0,0.0,0.0,0.0,0.0,4.37267292912041,0.0,0.0,0,0,2715.41259765625,0.0,0.0,0.0,0,0.0,0.0,0,0.0,0.0,0.0,2,,,,,,,,,,,,-400.0,0.0,-400.0
60941,2021,33,1,67,0,1,0.0,0.0,0.0,0.0,0.0,10.1046142578125,0.0,0.0,0,0,0.0,0.0,0.0,0.0,0,0.0,0.0,0,0.0,0.0,0.0,2,16.0,,,,,,,,,,,-100.0,-200.0,100.0
66775,2021,15,2,30,32,3,0.0,-99222.4453125,45387.97265625,0.0,11.516315460204916,0.0,-61944.43359375,-43755.58362579346,0,0,0.0,0.0,0.0,0.0,0,14690.781387181736,0.0,0,7145.822784810126,0.0,-2475489.0,2,8.0,6.0,4.0,,,,,,,,,0.0,-47.900001525878906,47.900001525878906
108977,2021,5,1,66,0,0,0.0,0.0,0.0,0.0,14854.165039062478,1667.2614746093634,0.0,5573.15576171873,0,0,21527.80078124995,7355.05617977528,0.0,0.0,0,4652.08077260755,0.0,0,0.0,0.0,0.0,2,,,,,,,,,,,,838.65,777.9299926757812,60.72000732421873
78926,2021,49,1,84,0,0,2139117.0,553217.8125,0.0,0.0,18356476.0,711061.75,2847597.75,24285940.0,0,0,580203.3125,27777.595505617977,0.0,0.0,0,0.0,0.0,0,0.0,0.0,5789027.5,2,,,,,,,,,,,,3590774.38,3591349.75,-575.3700000001118
59645,2021,40,2,53,21,2,5198539.5,1601878.375,27517.13867187484,0.0,241531.453125,124058.9340658784,142656.15625,10488828.0,0,0,115906.8359375,0.0,0.0,0.0,0,23260.40386303775,0.0,0,0.0,0.0,12368520.0,2,16.0,14.0,,,,,,,,,,1811190.79,1811721.5,-530.7099999999627
106512,2021,5,2,36,35,1,14913906.0,1868428.875,6690.080078125,0.0,7088288.5,7313898.0,675223.3636474609,17753256.0,0,0,177342.53125,0.0,0.0,0.0,0,9793.85425812116,0.0,0,0.0,0.0,41337276.0,2,4.0,,,,,,,,,,,10682968.23,12073997.0,-1391028.7699999996
5939,2021,33,2,59,60,0,100571.42857142858,0.0,74128.4761904762,0.0,228.43564356435644,20515.123825789924,0.0,0.0,0,0,0.0,0.0,0.0,0.0,0,0.0,0.0,0,0.0,0.0,0.0,2,,,,,,,,,,,,11015.51,11168.349609375,-152.83960937499978
90781,2021,4,2,31,30,1,127376.234375,0.0,5899.990234375,0.0,95.3264923095699,52.64118576049788,0.0,88.07596588134766,0,0,0.0,0.0,0.0,0.0,0,0.0,0.0,0,0.0,0.0,0.0,2,4.0,,,,,,,,,,,6896.34,7056.56005859375,-160.22005859374985
59320,2021,40,2,76,74,0,0.0,0.0,0.0,-29613.5859375,436.0855712890625,215.63658142089844,-319927.125,-447262.6305236816,0,0,0.0,37457.666666666664,0.0,0.0,0,0.0,0.0,0,0.0,0.0,-189210.546875,2,,,,,,,,,,,,-415.0,0.0,-415.0
91322,2021,19,1,38,0,0,106837.13281249996,0.0,0.0,0.0,0.0,20.209228515625,0.0,0.0,0,0,0.0,0.0,0.0,0.0,0,34278.48990342405,0.0,0,0.0,0.0,0.0,2,,,,,,,,,,,,4052.15,4072.14990234375,-19.99990234374991
14737,2021,24,2,32,36,1,50056.28571428572,0.0,108388.76190476192,0.0,0.0,2186.3364645602046,0.0,0.0,0,0,0.0,0.0,0.0,0.0,0,0.0,0.0,0,1603.4793248945143,0.0,0.0,2,5.0,,,,,,,,,,,5644.97,8178.7998046875,-2533.8298046874997
108395,2021,5,2,35,33,1,299137.78125,0.0,258166.921875,531317.0625,80982.484375,28654.66421508789,10771.3994140625,1010698.7358398438,0,0,9538.078125,0.0,0.0,0.0,0,0.0,0.0,0,0.0,0.0,2508418.5,2,0.0,,,,,,,,,,,519333.97,585627.3125,-66293.34250000003
101082,2021,32,1,36,0,0,76922.7421875,0.0,0.0,0.0,0.0,80.8369140625,0.0,0.0,0,0,0.0,0.0,0.0,0.0,0,0.0,0.0,0,0.0,0.0,0.0,2,,,,,,,,,,,,2128.73,1878.72998046875,250.00001953125002
62073,2021,33,2,50,43,0,89723776.0,525749.1875,3161.03173828125,0.0,5598346.0,9352973.0,318460.6866455078,23440150.0,0,0,921432.75,0.0,0.0,0.0,0,22036.172080772605,0.0,0,0.0,0.0,48975332.0,2,,,,,,,,,,,,18419226.0,19493158.0,-1073932.0
109300,2021,5,2,39,36,2,386256.21875,1883.72119140625,460147.34375,82501.9296875,2301681.3076171875,39988.74462890625,2882.796943664551,14379161.125,0,0,19140.751953125,0.0,0.0,0.0,0,31830.026338893764,0.0,0,0.0,0.0,11050568.4375,2,7.0,5.0,,,,,,,,,,3342853.4,3776631.25,-433777.8500000001
99949,2021,6,2,37,36,1,901632.3125,0.0,1140541.75,0.0,36885.5888671875,3124.6544799804688,0.0,58993.919921875,0,0,0.0,0.0,0.0,0.0,0,0.0,0.0,0,3248.1012658227846,0.0,1083.5903930664062,2,2.0,,,,,,,,,,,92958.53,95038.28125,-2079.751250000001
58977,2021,22,1,31,0,1,11645.248046875,0.0,0.0,0.0,0.0,0.0,0.0,0.0,0,0,0.0,0.0,14506.666666666666,0.0,0,20811.94029850746,0.0,0,0.0,0.0,0.0,2,12.0,,,,,,,,,,,-892.27,-44.40999984741211,-847.8600001525879
24848,2021,34,2,52,52,1,0.0,0.0,94285.71428571428,0.0,0.0,180.73714773697697,0.0,0.0,0,0,0.0,0.0,0.0,0.0,0,0.0,0.0,0,0.0,0.0,0.0,2,16.0,,,,,,,,,,,3759.25,3778.239990234375,-18.989990234375
35983,2021,19,2,84,80,0,0.0,0.0,9030.47619047619,1.0624551328068916,0.0,0.0,0.0,0.0,0,0,0.0,24136.84269662921,0.0,0.0,0,0.0,0.0,0,0.0,0.0,0.0,2,,,,,,,,,,,,0.0,-69.08999633789062,69.08999633789062
7129,2021,31,2,54,33,1,0.0,0.0,0.0,0.0,0.0,0.0,0.0,0.0,0,0,0.0,0.0,0.0,0.0,0,20811.94029850746,0.0,0,0.0,0.0,0.0,2,32.0,,,,,,,,,,,0.0,-600.7999877929688,600.7999877929688
59707,2021,40,1,45,0,0,1773496.5,600421.25,0.0,0.0,1549466.5,433285.875,174652.65625,20678984.0,0,0,1366142.5,0.0,0.0,0.0,0,6121.158911325723,0.0,0,0.0,0.0,47944280.0,2,,,,,,,,,,,,4460250.51,4460781.0,-530.4900000002235
43671,2021,6,1,70,0,0,0.0,0.0,0.0,0.0,0.0,7.287788215200683,0.0,0.0,0,0,0.0,0.0,0.0,0.0,0,0.0,0.0,0,0.0,0.0,0.0,2,,,,,,,,,,,,-824.0,-37.0,-787.0
15123,2021,24,1,50,0,0,86022.09523809524,0.0,0.0,0.0,4568.712871287129,7945.146712211784,0.0,0.0,0,0,0.0,0.0,0.0,0.0,0,0.0,0.0,0,0.0,0.0,0.0,2,,,,,,,,,,,,2618.05,5453.91015625,-2835.86015625
70389,2021,50,1,61,0,1,2750462.75,40340.5390625,0.0,0.0,19760.126953125,3334.52294921875,0.0,65087.94921875,0,0,18735.00390625,0.0,0.0,0.0,0,9793.85425812116,0.0,0,0.0,0.0,194559.5,2,8.0,,,,,,,,,,,227940.49,228117.1875,-176.6975000000093
75300,2021,17,2,33,31,3,0.0,-75935.375,21250.185546875,0.0,0.0,2.2072858810424805,-461613.90625,-144440.84375,0,0,0.0,0.0,0.0,0.0,0,0.0,0.0,0,0.0,0.0,-51506712.0,2,4.0,4.0,0.0,,,,,,,,,0.0,-1143.760009765625,1143.760009765625
22570,2021,47,2,50,48,2,136190.47619047618,0.0,0.0,0.0,91.37425742574258,10202.903501280956,0.0,0.0,0,0,38977.21484375,0.0,0.0,0.0,0,0.0,0.0,0,0.0,0.0,0.0,2,18.0,16.0,,,,,,,,,,9017.66,9417.66015625,-400.00015625000015
53752,2021,5,2,43,45,3,104761.90476190476,0.0,628571.4285714286,0.0,8223.683168316831,36839.76942783945,1494.0,10958.773794808403,0,0,0.0,0.0,0.0,0.0,0,0.0,0.0,0,0.0,0.0,0.0,2,10.0,8.0,4.0,,,,,,,,,63737.41,68526.9609375,-4789.5509374999965
6139,2021,33,1,64,0,1,0.0,0.0,0.0,0.0,0.0,5.101451750640478,0.0,0.0,0,0,0.0,12258.426966292134,0.0,0.0,0,0.0,0.0,0,0.0,0.0,0.0,2,9.0,,,,,,,,,,,-100.0,-200.0,100.0
90647,2021,4,1,69,0,0,225.54505920410156,0.0,0.0,0.0,2766.417724609375,282.92919921875,0.0,0.0,0,0,19782.302734375,21967.101123595505,0.0,0.0,0,0.0,0.0,0,0.0,0.0,0.0,2,,,,,,,,,,,,373.98,198.97000122070312,175.0099987792969
82635,2021,11,1,70,0,0,0.0,-1196483.125,0.0,0.0,0.0,0.0,-4143932.75,-17112706.0,0,0,0.0,21635.10205992509,0.0,0.0,0,0.0,0.0,0,0.0,0.0,-4022937.25,2,,,,,,,,,,,,0.0,1275322.5,-1275322.5
34627,2021,4,1,36,0,3,88000.0,0.0,0.0,0.0,0.0,141.38309137489324,0.0,0.0,0,0,0.0,0.0,0.0,0.0,0,0.0,0.0,0,0.0,0.0,0.0,2,14.0,13.0,12.0,,,,,,,,,4660.58,4338.0400390625,322.5399609374999
79995,2021,34,2,48,44,1,34740.19921875,0.0,0.0,-6506.31884765625,0.0,0.0,-682185.2504882812,-83175.5546875,0,0,0.0,0.0,0.0,0.0,0,0.0,0.0,0,0.0,0.0,-6989538.0,2,17.0,,,,,,,,,,,0.0,64.77999877929688,-64.77999877929688
106494,2021,5,2,48,45,2,324029.625,0.0,117831.3203125,0.0,2826.89404296875,584.4077301025391,0.0,6101.00048828125,0,0,0.0,0.0,0.0,0.0,0,0.0,0.0,0,0.0,0.0,3795.099365234375,2,16.0,12.0,,,,,,,,,,33409.46,34695.87890625,-1286.4189062500009
81292,2021,34,2,73,74,0,0.0,0.0,646760.875,6720.359374999959,29112.296875,10000.709960937484,-380.2216491699219,124812.38281249977,0,0,715.5227661132793,32484.831460674155,0.0,0.0,0,0.0,0.0,0,0.0,0.0,128097.28124999978,2,,,,,,,,,,,,48502.88,48523.078125,-20.19812500000262
82404,2021,41,2,35,32,4,252017.734375,0.0,32416.7265625,0.0,2482.462303876877,225.10681533813477,0.0,641.652099609375,0,0,0.0,0.0,0.0,0.0,0,0.0,0.0,0,0.0,0.0,0.0,2,16.0,13.0,10.0,5.0,,,,,,,,15608.38,16107.3798828125,-498.9998828125008
61013,2021,33,1,78,0,0,368113.28125,2000288.25,0.0,0.0,1212454.125,856467.125,15282108.0,24530020.0,0,0,243322.328125,1225.8426966292134,0.0,0.0,0,0.0,0.0,0,0.0,0.0,9065601.0,2,,,,,,,,,,,,5509957.72,5831891.0,-321933.28000000026
111870,2021,12,2,60,64,0,3590849.5,349849.78125,0.0,-658945.125,252907.984375,515154.75,-1070395.46875,20823344.75,0,0,100569.8515625,1838.76404494382,0.0,0.0,0,0.0,0.0,0,0.0,0.0,9736884.0,2,,,,,,,,,,,,2935158.18,3040334.0,-105175.81999999983
43706,2021,6,2,55,43,1,47142.857142857145,0.0,0.0,0.0,0.0,0.7287788215200682,0.0,0.0,0,0,0.0,0.0,0.0,0.0,0,0.0,0.0,0,0.0,0.0,0.0,2,13.0,,,,,,,,,,,-674.92,878.510009765625,-1553.430009765625
15715,2021,16,1,27,0,0,29333.333333333336,0.0,0.0,0.0,205.5920792079208,226.6502134927412,0.0,0.0,0,0,0.0,0.0,0.0,0.0,0,14689.761194029848,0.0,0,0.0,0.0,0.0,2,,,,,,,,,,,,1114.0,1004.2100219726562,109.78997802734375
87013,2021,18,1,27,0,0,14719.783203125,0.0,0.0,0.0,0.0,0.0,0.0,0.0,0,0,0.0,0.0,0.0,0.0,0,19587.708516242317,0.0,0,0.0,0.0,0.0,2,,,,,,,,,,,,206.11,240.60000610351562,-34.49000610351561
34630,2021,4,2,37,39,0,51333.333333333336,0.0,57619.04761904762,0.0,1433.6620990099009,19679.2145175064,0.0,0.0,0,0,8120.2529296875,0.0,0.0,0.0,0,0.0,0.0,0,0.0,0.0,0.0,2,,,,,,,,,,,,5869.26,5761.75,107.51000000000022
21790,2021,47,1,59,0,0,51216.0,0.0,0.0,0.0,0.0,0.0,0.0,0.0,0,0,0.0,0.0,0.0,0.0,0,0.0,0.0,0,0.0,0.0,0.0,2,,,,,,,,,,,,2175.2,2375.199951171875,-199.99995117187518
41575,2021,27,2,26,28,2,12571.428571428572,0.0,26190.47619047619,0.0,0.0,0.0,0.0,0.0,0,0,0.0,0.0,0.0,0.0,0,0.0,0.0,0,0.0,0.0,0.0,2,6.0,3.0,,,,,,,,,,-1875.42,439.9200134277344,-2315.3400134277344
41322,2021,27,2,68,59,0,0.0,0.0,104761.90476190476,0.0,0.0,0.0,0.0,0.0,0,0,0.0,14391.393258426964,0.0,0.0,0,0.0,0.0,0,0.0,0.0,0.0,2,,,,,,,,,,,,3402.8,5827.33984375,-2424.53984375
100901,2021,32,2,83,78,0,0.0,0.0,3449255.5,1347909.5,417174.4375,580677.5842285156,-1865.43798828125,2056066.125,0,0,170372.078125,45291.823033707864,0.0,0.0,0,0.0,0.0,0,0.0,0.0,28236932.0,2,,,,,,,,,,,,2085141.55,2084664.0,477.55000000004657
106416,2021,5,1,69,0,0,38817.4921875,33979.79296875,0.0,0.0,67320.7109375,6638.73193359375,0.0,170449.0625,0,0,43870.1640625,13054.203183520598,0.0,0.0,0,0.0,0.0,0,0.0,0.0,41320.53515625,2,,,,,,,,,,,,32783.02,34780.01171875,-1996.9917187500032
13142,2021,23,1,49,0,0,0.0,19124.19239052405,0.0,0.0,0.0,0.0,0.0,0.0,0,0,0.0,0.0,0.0,0.0,0,0.0,0.0,0,0.0,0.0,0.0,2,,,,,,,,,,,,73.99,570.989990234375,-496.999990234375
112081,2021,12,2,35,42,2,2872.42236328125,0.0,0.0,-3680.95751953125,0.0,0.0,-21519.64318847656,0.0,0,0,0.0,0.0,0.0,0.0,0,0.0,0.0,0,36378.734177215185,0.0,-4926.615039825439,2,5.0,2.0,,,,,,,,,,-440.0,0.0,-440.0
101248,2021,32,1,66,0,0,0.0,0.0,0.0,0.0,0.0,10.1046142578125,0.0,0.0,0,0,0.0,12932.6404494382,0.0,0.0,0,0.0,0.0,0,0.0,0.0,0.0,2,,,,,,,,,,,,-1023.45,-1485.0,461.54999999999995
82261,2021,41,2,63,63,0,95004.234375,0.0,6464.70654296875,0.0,2815.916748046875,1562.6656494140625,-647.2685546875,7642.3984375,0,0,0.0,0.0,0.0,0.0,0,0.0,0.0,0,0.0,0.0,0.0,2,,,,,,,,,,,,4532.55,5352.47998046875,-819.9299804687498
15528,2021,16,1,45,0,0,23047.61904761905,0.0,0.0,0.0,0.0,0.0,0.0,0.0,0,0,0.0,0.0,0.0,0.0,0,2448.4635645302897,0.0,0,0.0,0.0,0.0,2,,,,,,,,,,,,727.54,667.8300170898438,59.709982910156214
105514,2021,38,2,50,62,0,13560.859375,0.0,50693.9453125,0.0,0.0,72.00614166259766,-47.741676330566406,0.0,0,0,0.0,0.0,0.0,0.0,0,0.0,0.0,0,0.0,0.0,0.0,2,,,,,,,,,,,,3350.24,4141.60986328125,-791.3698632812502
4149,2021,33,1,36,0,1,4190.476190476191,0.0,0.0,0.0,4.568712871287129,7.287788215200683,8.586206896551724,62.9814585908529,0,0,0.0,0.0,0.0,0.0,0,15915.013169446882,0.0,0,0.0,0.0,0.0,2,10.0,,,,,,,,,,,-634.29,-1050.6199951171875,416.32999511718754
108472,2021,5,1,21,0,0,1034658.3125,0.0,0.0,0.0,29708.330078125,11923.4453125,0.0,63189.55078125,0,0,0.0,0.0,0.0,0.0,0,14690.781387181736,0.0,0,0.0,0.0,0.0,2,,,,,,,,,,,,112108.28,124781.53125,-12673.251250000001
44413,2021,32,1,32,0,0,52380.95238095238,0.0,0.0,0.0,0.0,1166.046114432109,0.0,0.0,0,0,0.0,0.0,0.0,0.0,0,0.0,0.0,0,0.0,0.0,0.0,2,,,,,,,,,,,,979.35,479.3500061035156,499.9999938964844
71539,2021,16,1,70,0,0,1249994.5,623018.625,0.0,0.0,3311524.75,1707679.875,3929684.75,95584360.0,0,0,423457.65625,10602.51779026217,0.0,0.0,0,0.0,0.0,0,0.0,0.0,39223360.0,2,,,,,,,,,,,,12117276.25,8946692.0,3170584.25
81453,2021,41,1,64,0,0,107430.67968749996,0.0,0.0,0.0,2.7255346775054545,161.67382812499986,0.0,0.0,0,0,686.5622558593652,0.0,0.0,0.0,0,0.0,0.0,0,0.0,0.0,0.0,2,,,,,,,,,,,,5324.36,6124.35986328125,-799.9998632812503
81938,2021,41,2,45,47,1,349892.75,0.0,297222.6875,0.0,6561.751220703125,1393.465789794922,0.0,42389.65625,0,0,0.0,0.0,0.0,0.0,0,0.0,0.0,0,0.0,0.0,4887.62548828125,2,15.0,,,,,,,,,,,44100.2,44968.62109375,-868.4210937500029
78485,2021,47,2,62,75,0,64627.46875,0.0,1511883.875,180.16015625,98621.17706298828,30083.405883789062,5116.53955078125,689837.1875,0,0,17021.80078125,48727.24719101123,0.0,0.0,0,0.0,0.0,0,0.0,0.0,410739.5,2,,,,,,,,,,,,161030.21,161430.9375,-400.72750000000815
72246,2021,26,2,64,47,0,79840.890625,0.0,4201169.5,149031.140625,668477.9191894531,272748.15896606445,5948.2880859375,3188704.6574401855,0,0,103209.5078125,0.0,0.0,0.0,0,0.0,0.0,0,0.0,0.0,23780962.0,2,,,,,,,,,,,,1744096.11,1750467.5,-6371.389999999898
3510,2021,7,2,59,58,0,178095.2380952381,0.0,209523.80952380953,0.0,1142.1782178217825,26238.952690008537,0.0,0.0,0,0,0.0,0.0,9805.6,0.0,0,0.0,0.0,0,0.0,0.0,0.0,2,,,,,,,,,,,,24558.88,24652.380859375,-93.50085937499898
14766,2021,24,2,73,74,0,0.0,0.0,0.0,0.0,0.0,17993.549103330486,0.0,0.0,0,0,9926.197265625,44941.43632958801,0.0,0.0,0,0.0,0.0,0,0.0,0.0,0.0,2,,,,,,,,,,,,0.0,343.0199890136719,-343.0199890136719
67912,2021,14,2,40,39,2,304527.375,15731.93359375,46858.30859375,0.0,185207.62016630173,62363.98125457764,3701.72998046875,4000172.0,0,0,0.0,0.0,0.0,0.0,0,0.0,0.0,0,29232.91139240506,0.0,3293184.25,2,6.0,4.0,,,,,,,,,,391576.47,391621.09375,-44.62375000002794
71886,2021,16,2,61,60,0,7550.29541015625,0.0,190572.1875,4981.6513671875,23583.259765625,9849.036004438996,672.7309875488281,107429.8984375,0,0,6673.98583984375,0.0,0.0,0.0,0,0.0,0.0,0,0.0,0.0,969055.0,2,,,,,,,,,,,,63208.44,73576.8515625,-10368.411562499998
22512,2021,47,2,50,49,5,0.0,0.0,628571.4285714286,0.0,22.84356435643565,2193.6242527754052,0.0,0.0,0,0,0.0,0.0,0.0,0.0,0,0.0,0.0,0,0.0,0.0,0.0,2,16.0,15.0,12.0,12.0,8.0,,,,,,,34714.3,35114.30078125,-400.0007812499971
5062,2021,33,2,53,66,1,26192.57142857143,0.0,0.0,0.0,0.0,0.0,0.0,0.0,0,0,0.0,0.0,0.0,0.0,0,19587.708516242317,0.0,0,0.0,0.0,0.0,2,18.0,,,,,,,,,,,-1266.75,-1560.68994140625,293.93994140625
101454,2021,3,2,43,43,3,3178.04345703125,0.0,40551.93359375,0.0,236.61715698242188,53.2856559753418,-11299.0068359375,3.3342525959014893,0,0,0.0,0.0,0.0,0.0,0,0.0,0.0,0,0.0,0.0,-3588.12841796875,2,15.0,11.0,4.0,,,,,,,,,19.39,112.30000305175781,-92.91000305175781
105641,2021,38,2,44,40,2,0.0,0.0,346538.28125,234652.484375,396484.84375,428328.46875,220659.033203125,24787080.0,0,0,3183.715576171875,0.0,0.0,0.0,0,0.0,0.0,0,5846.5822784810125,0.0,2267286.25,2,6.0,0.0,,,,,,,,,,2343131.5,2835571.75,-492440.25
14767,2021,24,1,60,0,0,71238.09523809524,0.0,0.0,0.0,0.0,590.3108454312553,0.0,0.0,0,0,0.0,0.0,0.0,0.0,0,0.0,0.0,0,0.0,0.0,0.0,2,,,,,,,,,,,,815.29,3637.800048828125,-2822.510048828125
97998,2021,13,2,33,32,1,137896.84375,61584.84765625,5514.923828125,0.0,4805.12255859375,569.270751953125,191.25027465820312,13497.85546875,0,0,2889.59326171875,0.0,0.0,0.0,0,0.0,0.0,0,0.0,0.0,357162.625,2,1.0,,,,,,,,,,,29680.59,35281.578125,-5600.988125
44739,2021,32,1,32,0,2,12571.428571428572,0.0,0.0,0.0,0.0,0.0,0.0,0.0,0,0,0.0,0.0,0.0,0.0,0,0.0,0.0,0,0.0,0.0,0.0,2,7.0,6.0,,,,,,,,,,-2769.26,-3740.7099609375,971.4499609374998
35846,2021,19,2,35,33,3,51333.333333333336,0.0,57619.04761904762,0.0,0.0,0.0,0.0,0.0,0,0,0.0,0.0,0.0,0.0,0,0.0,0.0,0,3897.721518987342,0.0,0.0,2,14.0,8.0,7.0,,,,,,,,,3155.31,3195.31005859375,-40.000058593750055
76790,2021,21,1,75,0,0,0.0,0.0,0.0,0.0,36658.44140624986,5193.771972656249,0.0,42713.96484374997,0,0,20945.966796874975,31441.843632958797,0.0,0.0,0,26933.099209833184,0.0,0,0.0,0.0,0.0,2,,,,,,,,,,,,4599.44,4626.43994140625,-26.9999414062504
7109,2021,31,2,55,61,0,78571.42857142858,0.0,94285.71428571428,0.0,0.0,1.4575576430401365,0.0,0.0,0,0,0.0,0.0,0.0,0.0,0,0.0,0.0,0,0.0,0.0,0.0,2,,,,,,,,,,,,6648.69,6841.18994140625,-192.4999414062504
4509,2021,33,2,33,39,2,94285.71428571428,0.0,41904.76190476191,0.0,0.4568712871287129,111.50315969257043,0.0,0.0,0,0,0.0,0.0,0.0,0.0,0,0.0,0.0,0,3248.1012658227846,0.0,0.0,2,9.0,8.0,,,,,,,,,,5775.15,5731.47021484375,43.679785156249636
25463,2021,41,2,41,36,2,94285.71428571428,0.0,52380.95238095238,0.0,0.0,128.26507258753202,0.0,0.0,0,0,0.0,0.0,0.0,0.0,0,0.0,0.0,0,0.0,0.0,0.0,2,10.0,0.0,,,,,,,,,,6284.51,6783.509765625,-498.9997656249998
108055,2021,5,2,57,63,0,67868.265625,0.0,175829.84374999985,0.0,11600.910278320298,3576.7661437988263,0.0,27381.409332275387,0,0,8301.357421874993,0.0,0.0,0.0,0,9793.85425812116,0.0,0,0.0,0.0,0.0,2,,,,,,,,,,,,20196.34,20247.16015625,-50.820156249999854
6761,2021,31,2,61,56,2,40615.14285714286,0.0,29333.333333333336,0.0,0.0,0.0,0.0,0.0,0,0,0.0,0.0,19992.0,0.0,0,15915.013169446882,0.0,0,0.0,0.0,0.0,2,25.0,12.0,,,,,,,,,,1171.24,1759.68994140625,-588.44994140625
32997,2021,25,2,46,35,0,0.0,-10623.48887293611,29333.333333333336,0.0,11.421782178217825,4.37267292912041,0.0,0.0,0,0,0.0,0.0,0.0,0.0,0,0.0,0.0,0,0.0,0.0,0.0,2,,,,,,,,,,,,0.0,367.05999755859375,-367.05999755859375
34594,2021,4,2,58,38,0,157142.85714285716,0.0,0.0,0.0,0.0,0.0,0.0,0.0,0,0,0.0,0.0,0.0,0.0,0,0.0,0.0,0,0.0,0.0,0.0,2,,,,,,,,,,,,8379.2,8706.330078125,-327.1300781249993
22465,2021,47,1,63,0,0,12571.428571428572,0.0,0.0,0.0,0.0,14.575576430401366,0.0,0.0,0,0,0.0,12356.49438202247,0.0,0.0,0,3305.425812115891,0.0,0,0.0,0.0,0.0,2,,,,,,,,,,,,-175.1,0.0,-175.1
111885,2021,12,1,48,0,2,18399.728515625,0.0,0.0,0.0,0.0,0.0,0.0,0.0,0,0,0.0,0.0,0.0,0.0,0,75902.37050043898,0.0,0,0.0,0.0,0.0,2,17.0,11.0,,,,,,,,,,-390.6,-360.0,-30.600000000000023
67400,2021,14,2,53,46,0,4163448.0,2950517.25,158831.5,8964.64453125,10733674.53125,2932528.3432617188,79758.68441030383,60665781.5,0,0,200014.73095703125,0.0,0.0,0.0,0,0.0,0.0,0,0.0,0.0,36604375.34375,2,,,,,,,,,,,,5853319.72,5853783.0,-463.28000000026077
41593,2021,27,2,33,24,1,47142.857142857145,0.0,89047.61904761905,0.0,0.0,69.23398804440649,0.0,0.0,0,0,0.0,0.0,0.0,0.0,0,0.0,0.0,0,10827.004219409282,0.0,0.0,2,2.0,,,,,,,,,,,4502.92,7002.919921875,-2499.999921875
35636,2021,19,1,64,0,0,33523.80952380953,0.0,0.0,0.0,0.0,0.0,0.0,0.0,0,0,0.0,0.0,0.0,0.0,0,0.0,0.0,0,0.0,0.0,0.0,2,,,,,,,,,,,,888.24,908.239990234375,-19.99999023437499
105244,2021,38,1,80,0,0,0.0,0.0,0.0,0.0,585.989990234375,353.6614990234375,0.0,0.0,0,0,9018.40234375,22455.39513108614,0.0,0.0,0,0.0,0.0,0,0.0,0.0,0.0,2,,,,,,,,,,,,84.46,146.5399932861328,-62.07999328613282
82191,2021,41,2,80,64,0,100040.359375,0.0,38037.375,0.0,4762.4296875,768.510537147522,0.0,13753.9453125,0,0,0.0,20409.25936329588,0.0,0.0,0,0.0,0.0,0,0.0,0.0,0.0,2,,,,,,,,,,,,6095.2,6895.2001953125,-800.0001953125002
34268,2021,4,1,20,0,0,122571.42857142858,0.0,0.0,0.0,0.0,0.0,0.0,0.0,0,0,0.0,0.0,0.0,0.0,0,14690.781387181736,0.0,0,0.0,0.0,0.0,2,,,,,,,,,,,,6985.51,6825.41015625,160.09984375000022
6419,2021,31,2,33,34,0,162380.9523809524,0.0,0.0,0.0,235.28871287128712,6274.785653287788,7384.137931034483,54164.054388133496,0,0,0.0,0.0,0.0,0.0,0,44072.34416154521,0.0,0,0.0,0.0,0.0,2,,,,,,,,,,,,10316.58,10003.740234375,312.8397656249999
98793,2021,13,1,20,0,0,2469.125,0.0,0.0,0.0,0.0,0.0,0.0,0.0,0,0,0.0,0.0,0.0,0.0,0,28157.33099209833,0.0,0,0.0,0.0,0.0,2,,,,,,,,,,,,-100.0,0.0,-100.0
33587,2021,25,2,46,38,1,26190.47619047619,0.0,5238.0952380952385,0.0,0.0,0.0,0.0,0.0,0,0,0.0,0.0,0.0,0.0,0,8324.776119402984,0.0,0,0.0,0.0,0.0,2,11.0,,,,,,,,,,,230.0,285.3599853515625,-55.3599853515625
6176,2021,31,1,52,0,2,0.0,22099.066762383347,0.0,0.0,0.0,0.0,0.0,0.0,0,0,0.0,0.0,0.0,0.0,0,64884.28446005267,0.0,0,0.0,0.0,0.0,2,13.0,11.0,,,,,,,,,,-2052.87,-2238.239990234375,185.3699902343751
106662,2021,5,2,68,60,0,9958633.0,1620665.125,12789.009765625,0.0,15530347.0,5020514.787757874,398714.125,50469204.0,0,0,2448747.25,20839.325842696628,0.0,0.0,0,0.0,0.0,0,0.0,0.0,55585464.0,2,,,,,,,,,,,,16556041.23,18712572.0,-2156530.7699999996
44534,2021,32,1,66,0,0,0.0,0.0,0.0,0.0,0.0,0.7287788215200682,0.0,0.0,0,0,0.0,11890.674157303369,0.0,0.0,0,2081.194029850746,0.0,0,0.0,0.0,0.0,2,,,,,,,,,,,,-1016.91,-1504.8699951171875,487.95999511718753
58079,2021,22,1,73,0,0,0.0,0.0,0.0,0.0,0.0,40.41845703125,0.0,0.0,0,0,0.0,11828.360486891384,0.0,0.0,0,5630.446005267778,0.0,0,0.0,0.0,0.0,2,,,,,,,,,,,,-290.73,-5.130000114440918,-285.5999998855591
70031,2021,50,2,84,81,0,669661.75,53396.81640625,0.0,0.0,283617.21875,62562.51953125,15960.8515625,998422.0,0,0,58532.34375,36407.52808988764,0.0,0.0,0,0.0,0.0,0,0.0,0.0,2203069.75,2,,,,,,,,,,,,299828.45,300062.34375,-233.89374999998836
90167,2021,25,2,39,34,4,10498434.0,1784357.5,22876.072265625,0.0,2925292.5,6846403.255911112,7263369.5,44788644.0,0,0,77740.3046875,0.0,0.0,0.0,0,0.0,0.0,0,0.0,0.0,73360424.0,2,15.0,14.0,13.0,8.0,,,,,,,,7371182.67,7371626.0,-443.3300000000745
89845,2021,25,2,70,70,2,0.0,0.0,34081.30859374999,189138.609375,6351.34912109375,8436.311523437449,-22622.384765625,100199.3515625,0,0,5107.755859374927,0.0,0.0,0.0,0,48.96927129060579,0.0,0,0.0,0.0,312574.7890625,2,20.0,6.0,,,,,,,,,,29168.65,29274.30078125,-105.65078124999854
81842,2021,41,2,74,74,0,144654.20312499988,30.934736251830618,0.0,0.0,36470.66015624995,4951.519042968742,0.0,103055.9140624998,0,0,18801.136718749975,21205.03558052434,0.0,0.0,0,0.0,0.0,0,0.0,0.0,49210.88671874937,2,,,,,,,,,,,,15460.5,16685.2890625,-1224.7890625
45269,2021,3,1,85,0,0,0.0,0.0,0.0,0.0,0.0,0.0,0.0,0.0,0,0,0.0,13054.203183520598,0.0,0.0,0,4039.9648814749776,0.0,0,0.0,0.0,0.0,2,,,,,,,,,,,,-25.0,-527.0,502.0
60238,2021,7,2,63,60,0,24567.27734375,0.0,25988.2109375,0.0,0.0,46.103858947753906,0.0,0.0,0,0,0.0,0.0,0.0,51000.0,0,0.0,0.0,0,0.0,0.0,0.0,2,,,,,,,,,,,,4696.9,7893.08984375,-3196.1898437500004
63237,2021,31,1,67,0,0,0.0,0.0,0.0,0.0,0.0,0.0,-257.6398010253906,0.0,0,0,0.0,0.0,0.0,0.0,0,15915.013169446882,0.0,0,0.0,0.0,0.0,2,,,,,,,,,,,,-601.0,-650.7999877929688,49.79998779296875
16344,2021,26,2,63,64,0,0.0,0.0,111047.61904761904,0.0,0.0,1700.9697694278393,0.0,0.0,0,0,0.0,0.0,0.0,0.0,0,0.0,0.0,0,0.0,0.0,0.0,2,,,,,,,,,,,,4462.79,4491.16015625,-28.370156250000036
76276,2021,21,2,25,25,0,13648.6796875,0.0,93882.484375,804647.625,122514.78125,81358.921875,16254.3076171875,2900300.75,0,0,61935.453125,0.0,0.0,0.0,0,0.0,0.0,0,0.0,0.0,4044409.5,2,,,,,,,,,,,,464344.38,464679.09375,-334.71374999999534
25400,2021,41,2,54,55,2,94285.71428571428,0.0,167619.04761904763,0.0,0.0,304.6295473953885,0.0,0.0,0,0,0.0,0.0,0.0,0.0,0,0.0,0.0,0,0.0,0.0,0.0,2,19.0,17.0,,,,,,,,,,14363.53,15163.51953125,-799.9895312499993
44348,2021,32,1,31,0,0,31428.57142857143,0.0,0.0,0.0,0.0,0.0,0.0,0.0,0,0,0.0,0.0,0.0,0.0,0,6733.274802458296,0.0,0,0.0,0.0,0.0,2,,,,,,,,,,,,-179.38,-677.9500122070312,498.57001220703125
70666,2021,50,2,69,71,0,1158.1507568359375,0.0,11954898.0,537222.3125,1583576.763885498,450084.0715942383,250267.62463378903,30072311.234069824,0,0,631504.75,50394.39325842696,0.0,0.0,0,0.0,0.0,0,0.0,0.0,48744084.0,2,,,,,,,,,,,,6507454.75,6508132.0,-677.25
91584,2021,19,2,45,40,1,18621.69140625,0.0,0.0,0.0,0.0,0.0,0.0,0.0,0,0,0.0,0.0,0.0,0.0,0,0.0,0.0,0,0.0,0.0,0.0,2,6.0,,,,,,,,,,,-48.47,-8.470000267028809,-39.99999973297119
22101,2021,47,2,51,75,0,0.0,0.0,0.0,0.0,0.0,951.0563620836892,0.0,0.0,0,0,76650.85565185547,0.0,0.0,0.0,0,0.0,0.0,0,0.0,0.0,0.0,2,,,,,,,,,,,,2336.27,2736.27001953125,-400.00001953125
51259,2021,5,2,49,21,1,10476.190476190475,0.0,5342.857142857143,0.0,0.0,0.0,0.0,0.0,0,0,0.0,0.0,0.0,0.0,0,79575.06584723441,0.0,0,0.0,0.0,0.0,2,14.0,,,,,,,,,,,-395.88,-377.989990234375,-17.890009765624995
41598,2021,27,2,43,45,2,0.0,36123.47451543432,75439.04761904762,0.0,0.0,2.915115286080273,0.0,0.0,0,0,0.0,0.0,0.0,0.0,0,0.0,0.0,0,0.0,0.0,0.0,2,15.0,13.0,,,,,,,,,,2837.81,4944.89990234375,-2107.08990234375
100526,2021,32,2,61,64,0,1590.853271484375,0.0,3854.331787109375,0.0,0.0,0.0,-51386.8984375,0.0,0,0,0.0,0.0,0.0,0.0,0,0.0,0.0,0,0.0,0.0,0.0,2,,,,,,,,,,,,-1981.62,-2926.6201171875,945.0001171875001
112263,2021,12,2,54,53,1,0.0,-196407.625,23379.900390625,0.0,0.0,0.0,-478362.9375,-53559.984375,0,0,0.0,0.0,0.0,0.0,0,0.0,0.0,0,0.0,0.0,-25864222.0,2,14.0,,,,,,,,,,,-330.0,0.0,-330.0
105500,2021,38,2,52,55,0,7469951.5,655765.5625,0.0,-2542894.75,219386.21875,637951.75,-1360197.3984375,1903646.625,0,0,43500.97265625,0.0,0.0,0.0,0,0.0,0.0,0,0.0,0.0,-8060054.5,2,,,,,,,,,,,,0.0,890830.875,-890830.875
76830,2021,21,1,25,0,0,2489305.25,34632604.0,0.0,0.0,9999987.0,2423086.5,271335.375,62714948.0,0,0,137428.8125,0.0,0.0,0.0,0,19587.708516242317,0.0,0,0.0,0.0,24418566.0,2,,,,,,,,,,,,7853592.3,7854100.5,-508.20000000018626
45727,2021,3,2,44,45,3,26190.47619047619,0.0,0.0,63747.3079684135,0.0,0.0,0.0,0.0,0,0,0.0,0.0,0.0,0.0,0,0.0,0.0,0,0.0,0.0,0.0,2,21.0,17.0,12.0,,,,,,,,,1298.04,1448.050048828125,-150.01004882812504
41537,2021,27,2,29,29,0,62857.14285714286,0.0,31428.57142857143,0.0,0.0,976.5636208368916,0.0,0.0,0,0,0.0,0.0,0.0,0.0,0,0.0,0.0,0,0.0,0.0,0.0,2,,,,,,,,,,,,1852.12,4352.1201171875,-2500.0001171875
19713,2021,8,2,19,37,3,0.0,0.0,52380.95238095238,0.0,0.0,0.0,0.0,0.0,0,0,0.0,0.0,0.0,0.0,0,52641.96663740122,0.0,0,0.0,0.0,0.0,2,33.0,16.0,10.0,,,,,,,,,1375.34,1547.3800048828125,-172.04000488281258
6873,2021,31,2,40,43,2,39809.52380952381,0.0,1047.6190476190477,0.0,6.853069306930693,223.00631938514087,0.1717241379310345,1.259629171817058,0,0,0.0,0.0,0.0,0.0,0,0.0,0.0,0,1883.8987341772151,0.0,0.0,2,7.0,3.0,,,,,,,,,,-734.91,-1124.280029296875,389.37002929687503
71083,2021,24,1,33,0,0,30270.521484375,0.0,0.0,0.0,0.0,0.0,0.0,0.0,0,0,0.0,0.0,0.0,0.0,0,0.0,0.0,0,0.0,0.0,0.0,2,,,,,,,,,,,,105.66,949.3900146484375,-843.7300146484375
78809,2021,47,2,52,52,1,92987.4140625,0.0,53254.6015625,0.0,219.35314750671387,43.82871675491333,0.0,60.94371795654297,0,0,0.0,0.0,0.0,0.0,0,0.0,0.0,0,0.0,0.0,0.0,2,26.0,,,,,,,,,,,6834.63,7234.6298828125,-399.9998828124999
82337,2021,41,1,36,0,0,67782.2265625,0.0,0.0,0.0,0.0,0.0,0.0,0.0,0,0,0.0,0.0,0.0,0.0,0,1713.9244951712026,0.0,0,0.0,0.0,0.0,2,,,,,,,,,,,,2537.46,3337.4599609375,-799.9999609375
109905,2021,5,2,82,77,0,0.0,0.0,1378370.75,1218543.25,142322.171875,100131.6640625,-48623.239501953125,7708735.092041016,0,0,140052.0,40818.51872659176,0.0,0.0,0,0.0,0.0,0,0.0,0.0,10704762.90625,2,,,,,,,,,,,,2472245.25,2793082.5,-320837.25
102893,2021,45,2,40,45,4,0.0,0.0,417804.71875,1040212.0,5481510.5,1426890.375,14514052.11491394,45102780.0,0,0,49660.0078125,0.0,0.0,0.0,0,20811.94029850746,0.0,0,0.0,0.0,45430212.0,2,15.0,6.0,3.0,0.0,,,,,,,,5615296.78,5615735.0,-438.21999999973923
98504,2021,13,1,71,0,0,463435.75,760611.6875,0.0,0.0,8594974.0,1632905.75,2748609.75,34916972.0,0,0,153138.296875,17161.797752808987,0.0,0.0,0,7957.506584723441,0.0,0,0.0,0.0,2620427.75,2,,,,,,,,,,,,3326678.2,3370979.0,-44300.799999999814
40940,2021,27,1,70,0,0,77523.80952380953,0.0,0.0,0.0,0.0,2273.789923142613,0.0,0.0,0,0,12992.4052734375,16731.731273408237,0.0,0.0,0,0.0,0.0,0,0.0,0.0,0.0,2,,,,,,,,,,,,4408.36,6028.39013671875,-1620.0301367187503
78778,2021,47,2,51,50,3,2272505.75,12824.064453125,18289.458984375,0.0,81524.5546875,21844.78515625,-10193.03044128418,213253.40625,0,0,0.0,0.0,0.0,0.0,0,0.0,0.0,0,0.0,0.0,2201144.8671875,2,17.0,14.0,12.0,,,,,,,,,274891.68,275333.875,-442.195000000007
34481,2021,4,2,49,47,0,0.0,0.0,0.0,0.0,456.8712871287129,62531.40922288641,0.0,0.0,0,0,0.0,0.0,0.0,0.0,0,0.0,0.0,0,0.0,0.0,0.0,2,,,,,,,,,,,,1619.91,1991.489990234375,-371.5799902343749
93013,2021,37,2,31,31,1,343439.125,1908544.375,216029.421875,344180.28125,1559512.28125,1166493.125,72504.30859375,74831207.0,0,0,388635.54296875,0.0,0.0,0.0,0,0.0,0.0,0,0.0,0.0,9946567.25,2,0.0,,,,,,,,,,,4534321.99,4535207.5,-885.5099999997765
45073,2021,32,1,78,0,0,0.0,0.0,0.0,0.0,0.0,0.0,0.0,0.0,0,0,0.0,13238.07958801498,0.0,0.0,0,2570.886742756804,0.0,0,0.0,0.0,0.0,2,,,,,,,,,,,,-1003.05,-1489.25,486.20000000000005
43778,2021,6,2,55,55,1,86952.38095238096,0.0,52297.14285714286,0.0,0.0,2193.6242527754052,0.0,0.0,0,0,0.0,0.0,0.0,0.0,0,0.0,0.0,0,0.0,0.0,0.0,2,15.0,,,,,,,,,,,3509.27,5099.43994140625,-1590.16994140625
44296,2021,32,1,44,0,0,157142.85714285716,0.0,0.0,0.0,0.0,983.8514090520922,0.0,0.0,0,0,0.0,0.0,0.0,0.0,0,0.0,0.0,0,0.0,0.0,0.0,2,,,,,,,,,,,,5595.65,5853.759765625,-258.10976562500036
43519,2021,6,2,67,57,0,0.0,0.0,12571.428571428572,0.0,0.0,29.151152860802732,0.0,0.0,0,0,0.0,6312.068352059924,0.0,0.0,0,26933.099209833184,0.0,0,0.0,0.0,0.0,2,,,,,,,,,,,,-1798.2,-224.1999969482422,-1574.0000030517579
6718,2021,31,2,44,46,2,146666.6666666667,0.0,701904.7619047619,0.0,137.06138613861387,17181.689496157127,686.896551724138,5038.516687268232,0,0,0.0,0.0,0.0,0.0,0,0.0,0.0,0,0.0,0.0,0.0,2,16.0,12.0,,,,,,,,,,60500.42,60692.921875,-192.50187500000175
71293,2021,24,1,42,0,2,32407.265625,0.0,0.0,0.0,0.0,0.0,0.0,0.0,0,0,0.0,0.0,0.0,0.0,0,9793.85425812116,0.0,0,0.0,0.0,0.0,2,5.0,3.0,,,,,,,,,,-2213.0,-1458.5,-754.5
60988,2021,33,1,57,0,2,133309.0,28121.20703125,0.0,0.0,299.808837890625,70.7322998046875,0.0,0.0,0,0,0.0,0.0,0.0,0.0,0,18363.47673397717,0.0,0,0.0,0.0,0.0,2,14.0,12.0,,,,,,,,,,9280.67,9345.0400390625,-64.37003906249993
78037,2021,47,2,38,34,2,77150.15625,0.0,70902.796875,5291.703125,441.4899139404297,531.4596672058105,0.0,17230.810546875,0,0,0.0,0.0,0.0,0.0,0,24484.635645302893,0.0,0,0.0,0.0,66121.7890625,2,12.0,3.0,,,,,,,,,,11998.14,12398.1396484375,-399.9996484375006
98409,2021,13,2,30,34,2,396.2736511230469,-7443.076171875,49658.6484375,0.0,0.0,0.0,-5735.86474609375,0.0,0,0,0.0,0.0,0.0,0.0,0,0.0,0.0,0,0.0,0.0,-1558.2938232421875,2,7.0,2.0,,,,,,,,,,-227.8,-328.92999267578125,101.12999267578124
97727,2021,27,2,57,22,0,7523.07421875,0.0,5898.30078125,0.0,0.0,0.0,-377.0074157714844,0.0,0,0,0.0,0.0,0.0,0.0,0,0.0,0.0,0,0.0,0.0,0.0,2,,,,,,,,,,,,-2509.02,-1.4800000190734863,-2507.5399999809265
91142,2021,4,2,70,84,0,0.0,0.0,98663.18749999958,358.64364624022926,55600.910156249985,17085.742187499964,-3.690850257873535,250309.9999999999,0,0,31638.734374999935,69209.03558052433,0.0,0.0,0,0.0,0.0,0,0.0,0.0,110153.91406249996,2,,,,,,,,,,,,22794.37,17802.919921875,4991.450078124999
54269,2021,5,2,37,35,1,167619.04761904763,0.0,286000.0,0.0,45.68712871287129,4008.283518360376,17.17241379310345,125.9629171817058,0,0,0.0,0.0,0.0,0.0,0,0.0,0.0,0,23386.32911392405,0.0,0.0,2,3.0,,,,,,,,,,,33951.5,35282.12109375,-1330.62109375
15496,2021,16,2,62,62,0,136190.47619047618,0.0,0.0,0.0,0.0,102.02903501280954,0.0,0.0,0,0,0.0,11460.60767790262,0.0,0.0,0,0.0,0.0,0,0.0,0.0,0.0,2,,,,,,,,,,,,7805.45,7543.93994140625,261.5100585937498
76467,2021,21,2,46,44,2,120569.875,0.0,132660.546875,15928.7685546875,11894.3369140625,3829.762700080872,132.2206039428711,54322.62109375,0,0,0.0,0.0,0.0,0.0,0,0.0,0.0,0,0.0,0.0,198540.890625,2,15.0,12.0,,,,,,,,,,28346.59,28362.880859375,-16.290859374999854
97427,2021,27,2,54,53,0,0.0,-21507.583984375,52860.46875,0.0,0.0,14.105382919311523,-237873.375,-3595.21484375,0,0,0.0,0.0,0.0,0.0,0,0.0,0.0,0,0.0,0.0,-29133.92578125,2,,,,,,,,,,,,0.0,6116.009765625,-6116.009765625
77471,2021,9,2,73,70,0,802025.5625,19082.248046875,0.0,0.0,138866.0,29246.267578125,-3956.263397216797,1143242.75,0,0,58297.5,51485.39325842696,0.0,0.0,0,0.0,0.0,0,0.0,0.0,935632.875,2,,,,,,,,,,,,267899.35,267997.15625,-97.80625000002328
5549,2021,33,2,47,47,2,99523.80952380953,0.0,0.0,0.0,4.568712871287129,21.863364645602047,0.0,0.0,0,0,0.0,0.0,0.0,0.0,0,0.0,0.0,0,0.0,0.0,0.0,2,16.0,15.0,,,,,,,,,,3731.36,3566.360107421875,164.99989257812513
101202,2021,32,2,50,46,1,36415.00390625,0.0,41562.0390625,0.0,0.0,8.36992073059082,0.0,0.0,0,0,0.0,0.0,0.0,0.0,0,0.0,0.0,0,0.0,0.0,0.0,2,19.0,,,,,,,,,,,683.39,-316.6199951171875,1000.0099951171875
25297,2021,41,2,75,69,0,0.0,0.0,0.0,0.0,0.0,21.863364645602047,0.0,0.0,0,0,88348.3515625,26907.247191011236,0.0,0.0,0,0.0,0.0,0,0.0,0.0,0.0,2,,,,,,,,,,,,811.12,1611.1199951171875,-799.9999951171875
5833,2021,33,2,75,72,0,16761.904761904763,0.0,14666.666666666668,0.0,0.0,4.37267292912041,0.0,0.0,0,0,0.0,11645.505617977527,0.0,0.0,0,15915.013169446882,0.0,0,0.0,0.0,0.0,2,,,,,,,,,,,,578.15,615.3200073242188,-37.17000732421877
5708,2021,33,2,73,68,0,0.0,0.0,0.0,0.0,0.0,623.1058923996583,0.0,0.0,0,0,58465.82421875,29420.22471910112,0.0,0.0,0,0.0,0.0,0,0.0,0.0,0.0,2,,,,,,,,,,,,41.91,121.55999755859375,-79.64999755859375
49609,2021,38,2,36,32,0,40857.14285714286,0.0,17704.761904761905,0.0,0.0,0.0,0.0,0.0,0,0,0.0,0.0,0.0,0.0,0,17139.244951712026,0.0,0,0.0,0.0,0.0,2,,,,,,,,,,,,2986.36,3701.389892578125,-715.0298925781249
83415,2021,11,2,42,38,1,112012.9609375,0.0,25689194.0,409438.78125,625163.4375,7337831.323688507,15239.9873046875,20251472.0,0,0,23153.556640625,0.0,0.0,0.0,0,0.0,0.0,0,0.0,0.0,3130534.5,2,8.0,,,,,,,,,,,3309654.99,3310163.75,-508.7599999997765
6047,2021,33,2,51,47,2,54057.14285714286,0.0,73333.33333333334,0.0,0.0,4.37267292912041,0.0,0.0,0,0,0.0,0.0,0.0,0.0,0,0.0,0.0,0,0.0,0.0,0.0,2,23.0,21.0,,,,,,,,,,5876.21,6360.27001953125,-484.06001953124996
35861,2021,19,2,34,32,2,24095.238095238095,0.0,0.0,31873.65398420675,0.0,0.0,0.0,0.0,0,0,0.0,0.0,0.0,0.0,0,9671.431079894644,0.0,0,0.0,0.0,0.0,2,9.0,6.0,,,,,,,,,,1376.34,1333.1600341796875,43.17996582031242
66503,2021,15,2,46,50,1,0.0,-176295.890625,18065.2265625,0.0,0.0,0.0,-364052.4375,-14239.9609375,0,0,0.0,0.0,0.0,0.0,0,0.0,0.0,0,0.0,0.0,-531678.625,2,16.0,,,,,,,,,,,0.0,-325.6199951171875,325.6199951171875
36761,2021,37,2,34,33,2,62857.14285714286,0.0,0.0,0.0,0.0,8.016567036720751,0.0,0.0,0,0,0.0,0.0,0.0,0.0,0,0.0,0.0,0,0.0,0.0,0.0,2,5.0,3.0,,,,,,,,,,1653.26,1593.260009765625,59.99999023437499
107023,2021,5,2,57,58,0,833854.1875,481859.25,538104.25,5968.4755859375,351638.953125,157725.369140625,3587.9708251953125,8824125.5625,0,0,116611.369140625,0.0,0.0,0.0,0,0.0,0.0,0,0.0,0.0,7091051.875,2,,,,,,,,,,,,2127452.57,2403395.0,-275942.43000000017
97325,2021,27,1,85,0,4,0.0,0.0,0.0,0.0,0.0,0.0,0.0,-14373.5888671875,0,0,0.0,0.0,0.0,0.0,0,0.0,0.0,0,17323.20675105485,0.0,0.0,2,5.0,4.0,3.0,2.0,,,,,,,,0.0,287.4700012207031,-287.4700012207031
6092,2021,33,2,41,37,2,117334.38095238096,1.0624551328068916,62857.14285714286,0.0,0.0,0.0,0.0,0.0,0,0,0.0,0.0,0.0,0.0,0,0.0,0.0,0,0.0,0.0,0.0,2,14.0,11.0,,,,,,,,,,9601.49,9898.849609375,-297.3596093750002
80108,2021,34,2,85,85,0,18840568.0,1550516.25,0.0,0.0,9563902.0,1228782.125,775840.375,11175988.0,0,0,320429.3125,37067.44007490637,0.0,0.0,0,19587.708516242317,0.0,0,0.0,0.0,22927134.0,2,,,,,,,,,,,,3482432.3,3482897.25,-464.95000000018626
100928,2021,32,1,31,0,2,17687.482421875,0.0,0.0,0.0,0.0,0.0,0.0,0.0,0,0,0.0,0.0,0.0,0.0,0,3060.5794556628616,0.0,0,4222.53164556962,0.0,0.0,2,8.0,6.0,,,,,,,,,,-2876.82,-3861.0,984.1799999999998
108612,2021,5,2,33,32,2,186979.859375,15659.6923828125,2389.5087890625,0.0,7747.3505859375,1180.837646484375,0.0,26580.8203125,0,0,0.0,0.0,0.0,0.0,0,0.0,0.0,0,0.0,0.0,299599.15625,2,8.0,5.0,,,,,,,,,,41021.24,43088.48046875,-2067.240468750002
12549,2021,23,1,85,0,0,0.0,0.0,0.0,0.0,0.0,1.4575576430401365,0.0,0.0,0,0,3897.721435546875,5012.675093632958,0.0,0.0,0,0.0,0.0,0,0.0,0.0,0.0,2,,,,,,,,,,,,-185.05,-155.1199951171875,-29.93000488281251
21784,2021,47,1,62,0,0,20952.38095238095,0.0,0.0,0.0,0.0,0.0,0.0,0.0,0,0,0.0,10027.393258426966,0.0,0.0,0,8569.622475856013,0.0,0,0.0,0.0,0.0,2,,,,,,,,,,,,446.12,646.1199951171875,-199.9999951171875
105720,2021,38,2,27,26,1,54055.51171875,0.0,7379.900390625,0.0,0.0,0.0,0.0,0.0,0,0,0.0,0.0,0.0,0.0,0,33054.258121158906,0.0,0,0.0,0.0,0.0,2,4.0,,,,,,,,,,,3040.31,3811.35009765625,-771.04009765625
65611,2021,36,1,46,0,0,388293.625,150984.09375,0.0,0.0,473697.9375,6767060.5,8823485.0,7586814.0,0,0,113573.6875,0.0,0.0,0.0,0,12242.317822651446,0.0,0,0.0,0.0,2093020.0,2,,,,,,,,,,,,1023223.27,1051789.125,-28565.85499999998
49479,2021,38,1,49,0,1,27290.47619047619,0.0,0.0,0.0,0.0,1457.5576430401363,0.0,0.0,0,0,0.0,0.0,0.0,0.0,0,22036.172080772605,0.0,0,0.0,0.0,0.0,2,15.0,,,,,,,,,,,762.43,1051.800048828125,-289.37004882812505
110895,2021,5,2,34,34,2,0.0,-11291.2900390625,11414.828125,0.0,0.0,0.0,-6286597.5,-7970.68505859375,0,0,0.0,0.0,0.0,0.0,0,0.0,0.0,0,0.0,0.0,-2172623.0,2,10.0,7.0,,,,,,,,,,-44.43,-1741.199951171875,1696.769951171875
100265,2021,6,2,82,76,0,18840568.0,1550516.25,0.0,0.0,9563902.0,1228782.125,775840.375,11175988.0,0,0,320429.3125,33485.93632958801,0.0,0.0,0,0.0,0.0,0,0.0,0.0,22927134.0,2,,,,,,,,,,,,2761422.72,2983944.25,-222521.5299999998
14546,2021,24,1,76,0,0,0.0,0.0,0.0,0.0,0.0,29224.03074295474,0.0,0.0,0,0,0.0,33097.752808988764,0.0,0.0,0,0.0,0.0,0,0.0,0.0,0.0,2,,,,,,,,,,,,0.0,1360.2900390625,-1360.2900390625
69044,2021,23,1,72,0,0,0.0,0.0,0.0,0.0,22758.21484374999,3819.544433593743,0.0,131531.890625,0,0,31535.318359374956,13962.34831460674,0.0,0.0,0,0.0,0.0,0,0.0,0.0,436.04583740233875,2,,,,,,,,,,,,6529.94,7020.18994140625,-490.2499414062504
71057,2021,24,2,50,59,2,82632.96875,0.0,3713.562255859375,0.0,119.37482452392578,50.93545913696289,0.0,0.0,0,0,0.0,0.0,0.0,0.0,0,0.0,0.0,0,0.0,0.0,0.0,2,16.0,14.0,,,,,,,,,,462.84,3010.89990234375,-2548.05990234375
22606,2021,47,2,50,50,1,224190.4761904762,10624.551328068916,89047.61904761905,0.0,0.0,58534.057386848835,0.0,0.0,0,0,25984.810546875,0.0,0.0,0.0,0,0.0,0.0,0,0.0,0.0,0.0,2,17.0,,,,,,,,,,,21845.85,22280.830078125,-434.98007812500146
2437,2021,22,2,17,54,0,0.0,0.0,33523.80952380953,0.0,0.0,291.5115286080273,0.0,0.0,0,0,0.0,0.0,0.0,0.0,0,2448.4635645302897,0.0,0,0.0,0.0,0.0,2,,,,,,,,,,,,1079.55,579.5499877929688,500.0000122070312
105495,2021,38,1,27,0,0,103275.8984375,0.0,0.0,0.0,27.25534820556602,40.41845703125,0.0,0.0,0,0,0.0,0.0,0.0,0.0,0,18363.47673397717,0.0,0,0.0,0.0,0.0,2,,,,,,,,,,,,6582.54,7963.06005859375,-1380.52005859375
41094,2021,27,2,59,58,0,15714.285714285716,0.0,25142.857142857145,0.0,0.0,1093.1682322801023,0.0,0.0,0,0,0.0,0.0,0.0,0.0,0,0.0,0.0,0,0.0,0.0,0.0,2,,,,,,,,,,,,-1586.09,913.9099731445312,-2499.9999731445314
34576,2021,4,2,29,27,0,113352.38095238096,0.0,52380.95238095238,0.0,0.0,282.7661827497865,0.0,0.0,0,0,0.0,0.0,0.0,0.0,0,0.0,0.0,0,0.0,0.0,0.0,2,,,,,,,,,,,,8226.37,8432.599609375,-206.2296093749992
100166,2021,6,2,40,37,1,1519.689697265625,0.0,1975.8912353515625,0.0,0.0,1.2343000173568726,-8015.368591308594,0.0,0,0,0.0,0.0,0.0,0.0,0,0.0,0.0,0,0.0,0.0,-86.30419921875,2,0.0,,,,,,,,,,,-1766.85,-192.85000610351562,-1573.9999938964843
62388,2021,33,2,56,57,1,390656.3125,0.0,21050266.0,830074.4375,1773897.77734375,398086.10626220703,15563.2109375,3516451.033203125,0,0,44563.39453125,0.0,0.0,0.0,0,0.0,0.0,0,0.0,0.0,23484317.69140625,2,12.0,,,,,,,,,,,5301086.28,5610852.5,-309766.21999999974
92000,2021,19,1,85,0,0,13532.704101562453,0.0,0.0,0.0,1539.9271240234334,1717.7845458984357,0.0,0.0,0,0,28044.322265625,0.0,0.0,0.0,0,5876.312554872695,0.0,0,0.0,0.0,0.0,2,,,,,,,,,,,,1041.93,1061.9300537109375,-20.000053710937436
90743,2021,4,2,53,58,0,43948.18359375,0.0,172744.703125,0.0,15250.466785430806,2444.656021118163,0.0,96039.88281249977,0,0,3682.143066406236,0.0,0.0,0.0,0,0.0,0.0,0,0.0,0.0,40769.02734374987,2,,,,,,,,,,,,17432.5,15299.7197265625,2132.7802734375
49167,2021,38,1,55,0,0,59714.28571428572,0.0,0.0,0.0,0.0,18.219470538001705,0.0,0.0,0,0,0.0,0.0,0.0,0.0,0,17139.244951712026,0.0,0,0.0,0.0,0.0,2,,,,,,,,,,,,3383.19,4137.2099609375,-754.0199609375
101581,2021,3,1,84,0,0,2139117.0,553217.8125,0.0,0.0,18356476.0,711061.75,2847597.75,24285940.0,0,0,580203.3125,17366.104868913855,0.0,0.0,0,0.0,0.0,0,0.0,0.0,5789027.5,2,,,,,,,,,,,,2210990.23,2211388.5,-398.2700000000186
80879,2021,34,2,35,35,1,240943.84375,0.0,12036358.0,1227355.125,3930812.25,341167.1139907837,47074.4482421875,24068604.0,0,0,72463.3515625,0.0,0.0,0.0,0,0.0,0.0,0,0.0,0.0,43849440.0,2,8.0,,,,,,,,,,,4502790.04,4503255.0,-464.95999999996275
107775,2021,5,2,77,77,0,0.0,-191508.5625,1378370.75,1218543.25,142322.171875,100131.6640625,-4718818.880126953,7563656.015625,0,0,140052.0,56400.00093632958,0.0,0.0,0,0.0,0.0,0,0.0,0.0,-5462511.0,2,,,,,,,,,,,,6089.9,703446.75,-697356.85
83363,2021,11,1,39,0,0,434827.15625,1225783.25,0.0,0.0,674706.125,1183250.375,1861786.5,2282146.25,0,0,115551.921875,0.0,0.0,0.0,0,19587.708516242317,0.0,0,0.0,0.0,5126653.0,2,,,,,,,,,,,,739975.37,740484.375,-509.00500000000466
66690,2021,15,2,31,27,2,333112.3125,1655816.75,44519.93359374996,325.36270141601403,588794.3212890625,933385.9973449708,1733420.625,24532758.0,0,0,541473.8125,0.0,0.0,0.0,0,0.0,0.0,0,0.0,0.0,11403674.494140623,2,3.0,1.0,,,,,,,,,,1347854.21,1348140.75,-286.54000000003725
107873,2021,5,2,60,61,0,190572.1875,4981.6513671875,3695.29541015625,0.0,23583.259765625,9848.826171875,-12344.001586914062,107429.8984375,0,0,6673.98583984375,0.0,0.0,0.0,0,15915.013169446882,0.0,0,0.0,0.0,962585.1811523438,2,,,,,,,,,,,,116819.37,128957.09375,-12137.723750000005
89754,2021,25,2,37,37,2,227968.99999999985,3993.294189453105,2009181.125,953079.4375,225252.4454345703,571996.5446777344,673274.4375,7597221.955749512,0,0,21883.365234375,0.0,0.0,0.0,0,0.0,0.0,0,0.0,0.0,2368292.8281249995,2,18.0,16.0,,,,,,,,,,728898.15,729352.25,-454.0999999999767
109535,2021,5,2,35,45,2,83096.73437499999,1047.6014404296875,7047624.0,1425877.625,1953615.021484375,299685.0475463867,222040.0,41498104.5062561,0,0,43606.453125,0.0,0.0,0.0,0,17139.244951712026,0.0,0,12992.40506329114,0.0,3625210.063079834,2,7.0,5.0,,,,,,,,,,6573147.97,7428500.5,-855352.5300000003
65832,2021,36,2,44,41,4,1192308.625,1425.1840820312489,193341.51562499968,0.0,52458.29541015625,18943.875244140556,0.0,531549.2055664052,0,0,0.0,0.0,0.0,0.0,0,0.0,0.0,0,0.0,0.0,675970.1748046872,2,15.0,13.0,1.0,1.0,,,,,,,,89780.41,103975.859375,-14195.449374999997
6695,2021,31,1,70,0,0,68095.23809523809,0.0,0.0,0.0,91.37425742574258,1625.9055508112724,0.0,0.0,0,0,0.0,0.0,0.0,0.0,0,0.0,0.0,0,0.0,0.0,0.0,2,,,,,,,,,,,,1653.14,2088.389892578125,-435.2498925781249
98627,2021,13,2,44,40,5,35245788.0,272884.40625,131175.17187499997,0.0,24089332.114013672,2998467.8411254883,25908312.0,60169686.470703125,0,0,160910.8125,0.0,0.0,0.0,0,0.0,0.0,0,0.0,0.0,25769609.54296875,2,15.0,14.0,12.0,9.0,7.0,,,,,,,11015453.12,11354431.0,-338977.8800000008
57875,2021,46,2,41,40,2,214414.578125,17827.056640625,0.0,-5529.9150390625,813.5482177734375,213.67181396484375,-238000.0,-37770.34506225586,0,0,0.0,0.0,0.0,0.0,0,0.0,0.0,0,0.0,0.0,-1251856.0,2,10.0,8.0,,,,,,,,,,0.0,10897.919921875,-10897.919921875
62797,2021,31,2,65,62,0,49253.62499999997,16.73881340026841,12735.869140625,0.0,29980.88281249993,5605.434920310968,0.0,314184.9375,0,0,21650.494140624945,0.0,0.0,0.0,0,0.0,0.0,0,0.0,0.0,39036.48437499985,2,,,,,,,,,,,,25068.89,25862.390625,-793.5006250000006
16189,2021,26,1,72,0,0,1885.7142857142856,0.0,0.0,0.0,0.0,190.2112724167378,0.0,0.0,0,0,17539.74609375,26735.629213483146,1224.0,0.0,0,40399.64881474977,0.0,0,0.0,0.0,0.0,2,,,,,,,,,,,,-717.47,4.519999980926514,-721.9899999809265
56567,2021,20,1,83,0,0,2139117.0,553217.8125,0.0,0.0,18356476.0,711061.75,2847597.75,24285940.0,0,0,580203.3125,0.0,0.0,0.0,0,26933.099209833184,0.0,0,0.0,0.0,5789027.5,2,,,,,,,,,,,,3948975.26,3949608.25,-632.9900000002235
101077,2021,32,1,58,0,0,63271.328125,0.0,0.0,0.0,340.6918640136719,20.209228515625,0.0,0.0,0,0,0.0,0.0,0.0,0.0,0,0.0,0.0,0,0.0,0.0,0.0,2,,,,,,,,,,,,1473.53,973.530029296875,499.999970703125
71645,2021,16,1,35,0,0,443374.125,241541.078125,0.0,0.0,298446.0625,339110.875,407884.46875,2596738.0,0,0,88787.625,0.0,1020.0,0.0,0,0.0,0.0,0,0.0,0.0,6416103.0,2,,,,,,,,,,,,866159.59,614296.5625,251863.02749999997
69454,2021,23,2,52,51,2,241587.171875,0.0,0.0,-541071.0625,1733.23681640625,405.1832275390625,-144749.859375,-54423.666259765625,0,0,0.0,0.0,0.0,0.0,0,0.0,0.0,0,0.0,0.0,-4628056.0,2,22.0,21.0,,,,,,,,,,-1022.0,-434940.28125,433918.28125
43880,2021,6,1,28,0,0,35619.04761904762,0.0,0.0,0.0,0.0,0.0,0.0,0.0,0,0,0.0,0.0,0.0,0.0,0,17139.244951712026,0.0,0,0.0,0.0,0.0,2,,,,,,,,,,,,214.11,1001.1099853515625,-786.9999853515625
98771,2021,13,2,37,37,3,408247.75,1765104.875,269466.0,277317.875,662207.6171875,548987.65625,1083668.46875,6623415.375,0,0,11045.094543457031,0.0,0.0,0.0,0,0.0,0.0,0,1082.7004219409282,0.0,6781947.75,2,12.0,10.0,6.0,,,,,,,,,1077644.17,1192971.25,-115327.08000000007
64609,2021,39,2,58,55,0,24312.384765625,0.0,0.0,-1288.203857421875,0.0,12.598429679870604,-224910.5625,-7542.09765625,0,0,0.0,0.0,0.0,0.0,0,0.0,0.0,0,0.0,0.0,-756318.625,2,,,,,,,,,,,,0.0,746.780029296875,-746.780029296875
109490,2021,5,2,76,75,0,566440.375,3544.693359375,0.0,0.0,223766.40625,31933.3515625,-4562.004199981689,1295792.625,0,0,57046.87109375,38491.4606741573,0.0,0.0,0,0.0,0.0,0,0.0,0.0,999278.9375,2,,,,,,,,,,,,337105.29,378496.1875,-41390.89750000002
62668,2021,31,1,51,0,0,57098.515624999985,0.0,0.0,0.0,13.62767410278301,20.209228515625,0.0,0.0,0,0,0.0,0.0,0.0,0.0,0,12242.317822651446,0.0,0,0.0,0.0,0.0,2,,,,,,,,,,,,1608.81,1487.06005859375,121.74994140624995
21702,2021,47,2,70,78,0,0.0,0.0,18857.14285714286,0.0,0.0,14.575576430401366,0.0,0.0,0,0,0.0,31577.707865168537,0.0,0.0,0,0.0,0.0,0,0.0,0.0,0.0,2,,,,,,,,,,,,-400.0,0.0,-400.0
6185,2021,31,2,64,60,0,45898.28571428572,0.0,48379.04761904762,0.0,0.0,8253.420153714773,0.0,0.0,0,0,0.0,0.0,0.0,0.0,0,0.0,0.0,0,0.0,0.0,0.0,2,,,,,,,,,,,,2722.86,2779.320068359375,-56.46006835937487
110626,2021,5,1,49,0,0,43684.51953125,0.0,0.0,0.0,0.0,0.0,0.0,0.0,0,0,0.0,0.0,0.0,0.0,0,20811.94029850746,0.0,0,0.0,0.0,0.0,2,,,,,,,,,,,,971.38,910.6599731445312,60.720026855468745
44379,2021,32,2,73,71,0,15714.285714285716,0.0,13619.04761904762,0.0,0.0,2164.4730999146022,0.0,0.0,0,0,0.0,31185.438202247187,0.0,0.0,0,0.0,0.0,0,0.0,0.0,0.0,2,,,,,,,,,,,,-1489.8,-2477.06005859375,987.26005859375
49532,2021,38,1,78,0,0,18653.904761904763,0.0,0.0,0.0,0.0,0.0,0.0,0.0,0,0,0.0,12466.8202247191,0.0,0.0,0,23260.40386303775,0.0,0,0.0,0.0,0.0,2,,,,,,,,,,,,667.33,813.4099731445312,-146.0799731445312
97130,2021,27,1,38,0,2,26590.576171875,0.0,0.0,0.0,0.0,0.0,0.0,0.0,0,0,0.0,0.0,0.0,0.0,0,7712.660228270412,0.0,0,0.0,0.0,0.0,2,16.0,8.0,,,,,,,,,,-992.11,257.8900146484375,-1250.0000146484376
35356,2021,19,2,53,52,1,144257.14285714287,0.0,25142.857142857145,0.0,0.0,32854.07805294619,0.0,0.0,0,0,0.0,0.0,0.0,0.0,0,0.0,0.0,0,9094.683544303796,0.0,0.0,2,19.0,,,,,,,,,,,7536.71,7631.7099609375,-94.99996093749996
97575,2021,27,2,42,38,4,8680960.0,1845987.75,46311.03125,0.0,2128698.174835205,2830112.91532135,18205588.0,133701986.53994752,0,0,129023.125,0.0,0.0,0.0,0,0.0,0.0,0,0.0,0.0,40282328.0,2,17.0,14.0,13.0,7.0,,,,,,,,11295794.23,11298924.0,-3129.769999999553
7021,2021,31,2,44,41,3,0.0,0.0,6285.714285714286,0.0,0.0,0.0,0.0,0.0,0,0,0.0,0.0,0.0,0.0,0,23260.40386303775,0.0,0,0.0,0.0,0.0,2,19.0,17.0,23.0,,,,,,,,,-1131.43,-854.8599853515625,-276.57001464843756
98070,2021,13,2,64,30,0,0.0,-44106.22265625,111175.79687499994,0.0,1210.2266845703125,1477.81591796875,-461854.34375,-318216.58435058594,0,0,0.0,0.0,0.0,0.0,0,0.0,0.0,0,0.0,0.0,-446440.0048828125,2,,,,,,,,,,,,-200.0,2031.8800048828125,-2231.8800048828125
53450,2021,5,1,75,0,0,0.0,0.0,0.0,0.0,82236.83168316832,40229.319726729285,171723.96620689656,1259627.9121878862,0,0,77954.4296875,41310.89887640449,0.0,0.0,0,0.0,0.0,0,0.0,0.0,0.0,2,,,,,,,,,,,,170033.21,190256.453125,-20223.243125000008
100581,2021,32,1,47,0,1,0.0,0.0,0.0,0.0,0.0,0.0,0.0,0.0,0,0,0.0,0.0,0.0,0.0,0,7100.54433713784,0.0,0,0.0,0.0,0.0,2,8.0,,,,,,,,,,,-1760.0,-2760.0,1000.0
97709,2021,27,2,26,37,2,15085.81640625,0.0,83803.9765625,0.0,0.0,11.678104400634766,0.0,0.0,0,0,0.0,0.0,0.0,0.0,0,0.0,0.0,0,10827.004219409282,0.0,0.0,2,3.0,1.0,,,,,,,,,,2228.05,4511.4599609375,-2283.4099609375
100036,2021,6,2,29,32,2,37636.55859375,0.0,77330.2734375,11276.1142578125,1464.2052001953125,28.81431579589844,0.0,0.0,0,0,0.0,0.0,0.0,0.0,0,0.0,0.0,0,0.0,0.0,6320.5234375,2,8.0,2.0,,,,,,,,,,2994.6,4603.990234375,-1609.390234375
61499,2021,33,1,21,0,0,16737.818359375,0.0,0.0,0.0,0.0,0.0,0.0,0.0,0,0,0.0,0.0,0.0,0.0,0,5264.196663740122,0.0,0,0.0,0.0,0.0,2,,,,,,,,,,,,301.96,-43.88999938964844,345.8499993896484
105139,2021,38,1,30,0,2,46533.507812499985,4218.18115234375,0.0,0.0,0.0,0.0,0.0,0.0,0,0,0.0,0.0,0.0,0.0,0,33054.258121158906,0.0,0,0.0,0.0,0.0,2,9.0,6.0,,,,,,,,,,2312.23,2930.949951171875,-618.719951171875
15094,2021,24,1,67,0,0,2095.2380952380954,0.0,0.0,0.0,0.0,0.7287788215200682,0.0,0.0,0,0,0.0,3957.4288389513104,20626.666666666668,0.0,0,10283.546971027215,0.0,0,0.0,0.0,0.0,2,,,,,,,,,,,,0.0,375.3800048828125,-375.3800048828125
71502,2021,24,2,59,59,0,44506744.0,441235.125,0.0,0.0,3304030.5,818882.875,168597.65966796875,17724416.0,0,0,205122.171875,0.0,0.0,0.0,0,0.0,0.0,0,0.0,0.0,34766696.0,2,,,,,,,,,,,,6879665.23,10031804.0,-3152138.7699999996
19887,2021,8,1,64,0,0,54476.19047619048,1.0624551328068916,0.0,0.0,0.0,517.4329632792484,0.0,0.0,0,0,0.0,0.0,0.0,0.0,0,13466.549604916592,0.0,0,0.0,0.0,0.0,2,,,,,,,,,,,,2073.99,2236.610107421875,-162.62010742187522
69865,2021,23,2,72,73,0,0.0,0.0,19234792.0,755087.875,8286988.5,2042221.375,7847397.0,26868022.0,0,0,205968.6875,29849.269662921342,0.0,0.0,0,0.0,0.0,0,0.0,0.0,35049780.0,2,,,,,,,,,,,,4257295.1,4260220.0,-2924.9000000003725
93176,2021,37,2,35,36,1,64965.296875,0.0,4705.10693359375,-1284498.375,0.0,0.0,-2567884.890625,-240043.17578125,0,0,0.0,0.0,0.0,3672.0,0,0.0,0.0,0,0.0,0.0,-19082567.8125,2,9.0,,,,,,,,,,,-120.0,0.0,-120.0
13701,2021,23,1,67,0,0,0.0,0.0,0.0,0.0,0.0,4.37267292912041,0.0,0.0,0,0,0.0,928.5758426966293,0.0,0.0,0,0.0,0.0,0,0.0,0.0,0.0,2,,,,,,,,,,,,-464.31,-155.1199951171875,-309.1900048828125
16430,2021,26,1,29,0,0,81714.28571428572,0.0,0.0,0.0,2.2843564356435646,363.6606319385141,0.0,0.0,0,0,0.0,0.0,0.0,0.0,0,23260.40386303775,0.0,0,0.0,0.0,0.0,2,,,,,,,,,,,,3435.28,3478.030029296875,-42.7500292968748
68937,2021,23,1,50,0,0,0.0,-97090.390625,0.0,0.0,0.0,0.0,-2324182.25,-1662454.625,0,0,0.0,0.0,0.0,0.0,0,8814.468832309041,0.0,0,0.0,0.0,-13135321.0,2,,,,,,,,,,,,-1713.4,-1334790.0,1333076.6
67481,2021,14,2,27,26,1,242059.515625,79106.8828125,2641.982177734375,0.0,14089.4111328125,2855.98095703125,0.0,5376.14794921875,0,0,0.0,0.0,0.0,0.0,0,3060.5794556628616,0.0,0,0.0,0.0,338935.90625,2,1.0,,,,,,,,,,,33634.12,33858.3203125,-224.20031249999738
43990,2021,6,2,30,32,1,99523.80952380953,0.0,120476.19047619047,0.0,0.0,13705.414517506404,0.0,0.0,0,0,0.0,0.0,0.0,0.0,0,0.0,0.0,0,0.0,0.0,0.0,2,0.0,,,,,,,,,,,7596.81,9239.240234375,-1642.4302343749996
92181,2021,19,1,58,0,0,16381.6943359375,0.0,0.0,0.0,0.0,0.0,0.0,0.0,0,0,0.0,0.0,0.0,0.0,0,0.0,0.0,0,0.0,0.0,0.0,2,,,,,,,,,,,,241.34,261.3399963378906,-19.99999633789062
305,2021,20,2,38,34,1,0.0,-5843.503230437904,45041.333333333336,0.0,0.0,0.7287788215200682,0.0,0.0,0,0,0.0,0.0,0.0,0.0,0,0.0,0.0,0,0.0,0.0,0.0,2,12.0,,,,,,,,,,,-170.92,-224.17999267578125,53.25999267578126
82986,2021,11,2,83,77,0,0.0,-237604.234375,0.0,-85711.2265625,0.0,0.0,-1520647.984375,-463508.01953125,0,0,0.0,54332.41292134831,0.0,0.0,0,59987.35733099209,0.0,0,0.0,0.0,-5239764.8046875,2,,,,,,,,,,,,0.0,112761.46875,-112761.46875
5429,2021,33,2,69,78,0,0.0,0.0,0.0,0.0,0.0,18.948249359521775,0.0,0.0,0,0,71458.228515625,39839.88764044944,0.0,0.0,0,0.0,0.0,0,0.0,0.0,0.0,2,,,,,,,,,,,,579.7,617.0900268554688,-37.390026855468705
44368,2021,32,2,33,31,0,96380.95238095238,0.0,94285.71428571428,0.0,388.340594059406,4675.116140051238,120.20689655172414,881.7404202719406,0,0,0.0,0.0,0.0,0.0,0,37951.18525021949,0.0,0,0.0,0.0,0.0,2,,,,,,,,,,,,6952.97,5952.97021484375,999.9997851562503
4989,2021,33,1,62,0,0,0.0,0.0,0.0,0.0,0.0,0.0,0.0,0.0,0,0,0.0,4351.741573033707,0.0,0.0,0,8079.929762949955,0.0,0,0.0,0.0,0.0,2,,,,,,,,,,,,0.0,-75.0,75.0
