taxsimid,year,state,mstat,page,sage,depx,pwages,psemp,swages,ssemp,dividends,intrec,stcg,ltcg,otherprop,nonprop,pensions,gssi,pui,sui,transfers,rentpaid,proptax,otheritem,childcare,mortgage,scorp,idtl,age1,age2,age3,age4,age5,age6,age7,age8,age9,age10,age11,taxsim_federal_tax,policyengine_federal_tax,federal_difference
67472,2023,14,1,51,0,1,899212.5624999992,0.0,0.0,0.0,39383.9765625,6648.83642578125,0.0,47324.363281249745,0,0,0.0,0.0,0.0,0.0,0,12242.317822651446,0.0,0,0.0,0.0,0.0,2,12.0,,,,,,,,,,,313345.13,307088.4375,6256.692500000005
70148,2023,50,2,44,49,4,12071621.0,121907.140625,3923.2783203125,0.0,1228253.25,1117230.362988472,193027.96875,21937942.0,0,0,16655.9765625,0.0,0.0,0.0,0,0.0,0.0,0,0.0,0.0,3287557.75,2,18.0,17.0,13.0,11.0,,,,,,,,11555817.01,11702817.0,-146999.99000000022
110982,2023,2,2,72,77,0,19378.787109375,0.0,9842110.0,3044790.25,2252654.5,751405.2903823853,184114.03125,19154350.0,0,0,259962.734375,49033.70786516853,0.0,0.0,0,0.0,0.0,0,0.0,0.0,69926688.0,2,,,,,,,,,,,,30853640.75,36140804.0,-5287163.25
19746,2023,8,2,53,31,1,136190.47619047618,0.0,89047.61904761905,0.0,45.68712871287129,693.0686592655849,2060.689655172414,15115.550061804695,0,0,0.0,0.0,0.0,0.0,0,0.0,0.0,0,0.0,0.0,0.0,2,18.0,,,,,,,,,,,35144.23,36644.23046875,-1500.0004687499968
90818,2023,4,2,42,48,2,0.0,-24317.689453125,47511.5703125,0.0,0.0,0.0,-86354.46118164062,-22196.740234375,0,0,0.0,0.0,0.0,0.0,0,0.0,0.0,0,0.0,0.0,-126322.0859375,2,6.0,4.0,,,,,,,,,,-9708.08,-5624.22021484375,-4083.85978515625
93257,2023,37,2,66,64,0,26706282.0,1081829.5,36269.2109375,0.0,23914098.824005127,7215757.920982361,1107699.5,39853558.76283264,0,0,1041014.5625,35592.34269662921,0.0,0.0,0,0.0,0.0,0,0.0,0.0,67379464.0,2,,,,,,,,,,,,49288079.93,54108220.0,-4820140.07
68154,2023,14,2,74,74,0,144654.20312499988,30.934736251830618,0.0,-29613.5859375,36470.66015624995,4951.519042968742,-319927.125,-344476.21093750023,0,0,18801.136718749975,32852.58426966292,0.0,0.0,0,0.0,0.0,0,0.0,0.0,-139999.66015625064,2,,,,,,,,,,,,0.0,25356.359375,-25356.359375
99867,2023,6,1,44,0,0,382358.25,1126020.0,0.0,0.0,2598797.5,47208760.0,49358360.0,51839840.0,0,0,95769.6171875,0.0,0.0,0.0,0,23260.40386303775,0.0,0,0.0,0.0,9098823.0,2,,,,,,,,,,,,55518324.97,56265512.0,-747187.0300000012
84862,2023,10,1,63,0,0,1225065.875,11248.482421875,0.0,0.0,64458.8984375,17582.029296875,0.0,144549.484375,0,0,17687.705078125,0.0,0.0,0.0,0,13466.549604916592,0.0,0,0.0,0.0,46303.9140625,2,,,,,,,,,,,,498038.17,493182.46875,4855.701249999984
110290,2023,5,2,56,69,1,8242.296875,0.0,19801.212890625,166864.796875,115832.03125,86278.0546875,7728.60107421875,2222750.75,0,0,35724.51171875,11032.58426966292,10880.0,0.0,0,6121.158911325723,0.0,0,0.0,0.0,589563.0625,2,23.0,,,,,,,,,,,772055.27,820967.6875,-48912.41749999998
47244,2023,29,2,41,41,1,39809.52380952381,0.0,18857.14285714286,0.0,0.0,732.4227156276685,0.0,0.0,0,0,0.0,0.0,0.0,1133.3333333333333,0,20811.94029850746,0.0,0,0.0,0.0,0.0,2,15.0,,,,,,,,,,,1499.89,1635.8900146484375,-136.0000146484374
89580,2023,25,2,41,43,5,17767.044921875,0.0,391283.59375,0.0,2405.53955078125,603.6067504882812,0.0,11677.7412109375,0,0,0.0,0.0,0.0,0.0,0,0.0,0.0,0,0.0,0.0,0.0,2,17.0,14.0,10.0,8.0,0.0,,,,,,,75165.11,75259.9609375,-94.85093749999942
90042,2023,25,1,26,0,0,2291063.0,182955.234375,0.0,0.0,10817648.0,338706.6875,2866581.75,3879513.0,0,0,89136.7265625,0.0,0.0,0.0,0,4896.927129060579,0.0,0,0.0,0.0,67151056.0,2,,,,,,,,,,,,25589084.05,30554242.0,-4965157.949999999
105619,2023,38,2,54,54,0,25738.8359375,0.0,189823.40625,0.0,3944.796630859375,826.66162109375,0.0,10885.3916015625,0,0,8464.6220703125,0.0,0.0,0.0,0,0.0,0.0,0,0.0,0.0,33426.35546875,2,,,,,,,,,,,,43332.41,43354.19921875,-21.789218749996508
19453,2023,8,2,57,58,1,167619.04761904763,0.0,0.0,0.0,0.0,41.54039282664389,0.0,0.0,0,0,0.0,0.0,0.0,0.0,0,0.0,0.0,0,0.0,0.0,0.0,2,17.0,,,,,,,,,,,19406.33,20906.330078125,-1500.0000781249983
96231,2023,44,1,50,0,0,206314.375,11348.9150390625,0.0,0.0,173889.125,23947.9375,0.0,1357354.875,0,0,0.0,0.0,0.0,0.0,0,0.0,0.0,0,0.0,0.0,76619.484375,2,,,,,,,,,,,,434593.59,449994.125,-15400.534999999974
16523,2023,26,2,44,50,4,39809.52380952381,0.0,0.0,0.0,0.0,0.0,0.0,0.0,0,0,0.0,0.0,0.0,0.0,0,0.0,0.0,0,0.0,0.0,0.0,2,17.0,13.0,11.0,6.0,,,,,,,,-10564.61,-9768.1904296875,-796.4195703125006
90967,2023,4,2,66,59,0,26706282.0,1081829.5,0.0,0.0,23913880.0,7215677.0,1102675.0346679688,39853404.0,0,0,1041014.5625,0.0,0.0,0.0,0,0.0,0.0,0,0.0,0.0,67379464.0,2,,,,,,,,,,,,49260968.14,54081432.0,-4820463.859999999
78794,2023,47,2,43,43,2,313781.03125,358255.5,3486.61328125,0.0,86646.859375,1113.7772216796875,10684.1943359375,2436319.25,0,0,13499.1337890625,0.0,0.0,0.0,0,0.0,0.0,0,0.0,0.0,454434.0,2,17.0,15.0,,,,,,,,,,887007.73,946248.375,-59240.64500000002
89361,2023,25,1,82,0,0,2139117.0,553217.8125,0.0,0.0,18356476.0,711061.75,2847597.75,24285940.0,0,0,580203.3125,19613.483146067418,0.0,0.0,0,0.0,0.0,0,0.0,0.0,5789027.5,2,,,,,,,,,,,,14461855.28,14911557.0,-449701.72000000067
65612,2023,36,2,43,48,0,131299.859375,0.7799475789070129,203746.28125,3255.79833984375,27442.234130859375,3880.1761474609375,0.0,57458.8955078125,0,0,17627.686767578125,0.0,0.0,0.0,0,15915.013169446882,0.0,0,0.0,0.0,172690.296875,2,,,,,,,,,,,,124960.05,138353.3125,-13393.262499999997
101128,2023,32,2,58,53,0,14361.0029296875,0.0,0.0,-10894.7734375,0.0,0.0,-206939.125,-3938.85400390625,0,0,0.0,0.0,0.0,0.0,0,0.0,0.0,0,0.0,0.0,-2152.0498046875,2,,,,,,,,,,,,-265.17,-600.0,334.83
19998,2023,21,1,46,0,1,0.0,27517.587939698493,0.0,0.0,0.0,0.0,0.0,0.0,0,0,0.0,0.0,0.0,0.0,0,0.0,0.0,0,0.0,0.0,0.0,2,17.0,,,,,,,,,,,-4953.64,-3353.639892578125,-1600.0001074218753
49456,2023,38,2,55,55,0,188571.42857142855,0.0,188571.42857142855,0.0,4568.712871287129,10204.361058923996,0.0,0.0,0,0,0.0,0.0,0.0,0.0,0,0.0,0.0,0,0.0,0.0,0.0,2,,,,,,,,,,,,75491.98,74362.0234375,1129.956562499996
70547,2023,50,2,37,40,2,2009181.125,953079.4375,94290.2890625,0.0,227325.3459472656,572328.7385253906,673274.4375,7629253.2734375,0,0,21883.365234375,0.0,0.0,0.0,0,0.0,0.0,0,5413.502109704641,0.0,2161186.8349609375,2,9.0,5.0,,,,,,,,,,4023029.49,4230592.0,-207562.50999999978
18727,2023,17,2,48,40,3,78571.42857142858,0.0,42952.380952380954,0.0,0.0,537.8387702818104,0.0,0.0,0,0,0.0,0.0,0.0,0.0,0,0.0,0.0,0,0.0,0.0,0.0,2,18.0,16.0,13.0,,,,,,,,,5374.56,6874.56005859375,-1500.0000585937496
52233,2023,5,2,48,55,2,0.0,5313.338119167265,0.0,0.0,0.0,0.0,0.0,0.0,0,0,0.0,0.0,0.0,0.0,0,0.0,0.0,0,0.0,0.0,0.0,2,16.0,14.0,,,,,,,,,,-2340.88,-2397.18994140625,56.30994140624989
50432,2023,5,2,54,55,1,104761.90476190476,0.0,36394.28571428572,0.0,9.137425742574258,2316.0590947907767,0.0,0.0,0,0,0.0,0.0,0.0,0.0,0,0.0,0.0,0,0.0,0.0,0.0,2,22.0,,,,,,,,,,,14086.27,15586.259765625,-1499.9897656249996
58308,2023,22,2,46,46,1,265160.53125,0.0,93766.0,0.0,486.6327362060547,242.00323486328125,0.0,4.154914855957031,0,0,0.0,0.0,0.0,0.0,0,0.0,0.0,0,0.0,0.0,0.0,2,15.0,,,,,,,,,,,65433.48,64453.8984375,979.5815625000032
65361,2023,36,2,49,33,1,0.0,-44159.83984375,1631.384765625,0.0,0.0,0.0,-130779.46691894533,-20067.2890625,0,0,0.0,0.0,0.0,0.0,0,0.0,0.0,0,0.0,0.0,-1710857.125,2,3.0,,,,,,,,,,,0.0,-554.6699829101562,554.6699829101562
75584,2023,17,2,73,71,0,19234792.0,755087.875,0.0,0.0,8286988.5,2042221.375,7847397.0,26868022.0,0,0,205968.6875,50625.26029962546,0.0,0.0,0,0.0,0.0,0,0.0,0.0,35049780.0,2,,,,,,,,,,,,30299097.87,32773476.0,-2474378.129999999
26594,2023,11,2,49,42,2,132148.76190476192,0.0,188571.42857142855,0.0,685.3069306930693,2356.1419299743807,0.0,0.0,0,0,0.0,0.0,0.0,0.0,0,0.0,0.0,0,5954.852320675105,0.0,0.0,2,10.0,7.0,,,,,,,,,,53350.63,52717.71875,632.9112499999974
1003,2023,30,2,55,54,2,26190.47619047619,0.0,14708.57142857143,0.0,0.0,0.0,0.0,0.0,0,0,0.0,0.0,0.0,0.0,0,17139.244951712026,0.0,0,0.0,0.0,0.0,2,23.0,21.0,,,,,,,,,,-6592.83,319.8999938964844,-6912.729993896484
61912,2023,33,1,55,0,0,166309.8125,8972.00390625,0.0,0.0,11978.7255859375,2596.885986328125,0.0,12176.8701171875,0,0,5655.4111328125,0.0,0.0,0.0,0,0.0,0.0,0,0.0,0.0,0.0,2,,,,,,,,,,,,37460.97,37680.19140625,-219.22140624999884
81131,2023,34,2,49,51,2,88952.3984375,0.0,96828.3515625,0.0,177.9854507446289,74.6480770111084,0.0,315.058837890625,0,0,0.0,0.0,0.0,0.0,0,0.0,0.0,0,0.0,0.0,0.0,2,22.0,14.0,,,,,,,,,,21483.14,22983.140625,-1500.0006250000006
64540,2023,39,2,48,47,4,397705.15625,786109.5625,29890.2734375,0.0,1140259.7124729156,1797843.8581485748,15986831.0,25185958.0,0,0,24323.453125,0.0,0.0,0.0,0,0.0,0.0,0,0.0,0.0,32369346.0,2,13.0,10.0,8.0,6.0,,,,,,,,23424963.04,25872284.0,-2447320.960000001
102220,2023,3,2,64,65,0,335928.96875,1870764.75,0.0,0.0,611368.5625,69907.57736730576,-750.55078125,18682697.88671875,0,0,63405.49609375,19172.179775280896,0.0,0.0,0,0.0,0.0,0,0.0,0.0,15002652.85205078,2,,,,,,,,,,,,9694612.78,10927119.0,-1232506.2200000007
81503,2023,41,1,66,0,0,102088.8203125,1732467.25,0.0,0.0,2649219.75,202092.296875,2214346.25,12971486.0,0,0,81572.90625,0.0,0.0,0.0,0,0.0,0.0,0,0.0,0.0,7624573.0,2,,,,,,,,,,,,7500264.44,8178301.0,-678036.5599999996
52081,2023,5,1,34,0,0,1152379.9047619049,0.0,0.0,0.0,0.0,0.0,0.0,0.0,0,0,0.0,0.0,0.0,0.0,0,51417.73485513608,0.0,0,0.0,0.0,0.0,2,,,,,,,,,,,,390159.48,381588.09375,8571.386249999981
90828,2023,4,2,25,24,0,13648.6796875,0.0,458.4884948730469,-7877.564453125,0.0,0.0,-657599.3125,-4389.3623046875,0,0,0.0,0.0,0.0,0.0,0,0.0,0.0,0,0.0,0.0,-1231682.5,2,,,,,,,,,,,,-476.56,-600.0,123.44
93233,2023,37,1,48,0,1,770533.1875,0.0,0.0,0.0,6377.751464843741,828.5784301757797,0.0,31865.974609374956,0,0,0.0,0.0,0.0,0.0,0,7957.506584723441,0.0,0,0.0,0.0,0.0,2,7.0,,,,,,,,,,,250683.81,245567.84375,5115.966249999998
64204,2023,39,1,43,0,0,443848.9375,846481.8125,0.0,0.0,64867.7265625,27787.689453125,4637.51611328125,101401600.0,0,0,1600039.125,0.0,0.0,0.0,0,25708.86742756804,0.0,0,0.0,0.0,5996668.5,2,,,,,,,,,,,,26902315.88,27401466.0,-499150.12000000104
62910,2023,31,2,75,76,0,0.0,0.0,566440.375,3544.693359375,223766.40625,31933.3515625,-4562.004199981689,1295792.625,0,0,57046.87109375,49399.417602996255,0.0,0.0,0,0.0,0.0,0,0.0,0.0,999278.9375,2,,,,,,,,,,,,837836.78,909406.625,-71569.84499999997
112129,2023,12,2,62,54,1,192629.1875,34898.05859375,51331.9375,0.0,10336.021484375,4107.3748071193695,76.17919158935547,285419.625,0,0,5976.7841796875,0.0,0.0,0.0,0,0.0,0.0,0,0.0,0.0,1290201.375,2,15.0,,,,,,,,,,,475923.32,574352.6875,-98429.3675
63150,2023,31,2,70,69,0,80813.49999999983,0.0,0.0,0.0,16216.931640624978,6666.337890624997,0.0,78376.73437499953,0,0,30918.48046875,3932.911985018726,0.0,0.0,0,0.0,0.0,0,0.0,0.0,189413.3124999979,2,,,,,,,,,,,,62959.36,64040.51171875,-1081.1517187499994
105012,2023,48,2,76,75,0,25842524.0,450107.5625,6881.6474609375,0.0,4866442.745915204,774940.0159015656,548094.625,5794183.5,0,0,2011976.5,46947.73220973782,0.0,0.0,0,0.0,0.0,0,0.0,0.0,9528640.0,2,,,,,,,,,,,,16502307.81,17008962.0,-506654.1899999995
30392,2023,18,2,50,50,5,0.0,0.0,104761.90476190476,0.0,0.0,0.7287788215200682,0.0,0.0,0,0,0.0,0.0,0.0,0.0,0,0.0,0.0,0,0.0,0.0,0.0,2,18.0,17.0,16.0,15.0,13.0,,,,,,,-1192.48,1807.52001953125,-3000.00001953125
95420,2023,44,2,53,58,1,56850.37890625,0.0,17061.625,-1216.7650146484375,0.0,4.297221660614014,-39085.58984375,0.0,0,0,0.0,0.0,0.0,0.0,0,10405.97014925373,0.0,0,0.0,0.0,-34511.34375,2,14.0,,,,,,,,,,,-1251.18,2599.93994140625,-3851.1199414062503
107353,2023,5,2,62,58,0,240961.859375,398.6438293457031,29736.87109375,0.0,43351.89453125,18408.759210586548,82.46617889404297,782950.875,0,0,27670.580078125,0.0,0.0,0.0,0,0.0,0.0,0,0.0,0.0,861612.75,2,,,,,,,,,,,,489442.78,553210.3125,-63767.53249999997
22156,2023,47,2,53,22,1,68095.23809523809,0.0,22880.0,0.0,0.0,3643.8941076003416,0.0,0.0,0,0,0.0,0.0,0.0,0.0,0,0.0,0.0,0,0.0,0.0,0.0,2,18.0,,,,,,,,,,,5590.3,7090.2998046875,-1499.9998046874998
66775,2023,15,2,30,32,3,0.0,-99222.4453125,45387.97265625,0.0,11.516315460204916,0.0,-61944.43359375,-43755.58362579346,0,0,0.0,0.0,0.0,0.0,0,14690.781387181736,0.0,0,7145.822784810126,0.0,-2475489.0,2,8.0,6.0,4.0,,,,,,,,,0.0,-3793.360107421875,3793.360107421875
83776,2023,10,2,44,58,0,109125.59375,2028.6304931640625,2716.7197265625,0.0,356.3161926269531,221.6555938720703,-1325.1427001953125,1802.3948974609375,0,0,0.0,0.0,0.0,0.0,0,0.0,0.0,0,0.0,0.0,-3319.0703125,2,,,,,,,,,,,,9511.63,9904.5,-392.8700000000008
103647,2023,29,2,45,48,0,20394.4765625,0.0,834379.75,7791.490234375,165647.1258211136,25497.14159345627,0.0,501109.25,0,0,17745.95703125,0.0,0.0,0.0,0,0.0,0.0,0,0.0,0.0,2425619.5,2,,,,,,,,,,,,1137179.06,1311911.75,-174732.68999999994
78926,2023,49,1,84,0,0,2139117.0,553217.8125,0.0,0.0,18356476.0,711061.75,2847597.75,24285940.0,0,0,580203.3125,27777.595505617977,0.0,0.0,0,0.0,0.0,0,0.0,0.0,5789027.5,2,,,,,,,,,,,,14464422.93,14914125.0,-449702.0700000003
59645,2023,40,2,53,21,2,5198539.5,1601878.375,27517.13867187484,0.0,241531.453125,124058.9340658784,142656.15625,10488828.0,0,0,115906.8359375,0.0,0.0,0.0,0,23260.40386303775,0.0,0,0.0,0.0,12368520.0,2,16.0,14.0,,,,,,,,,,8743671.21,9719948.0,-976276.7899999991
9680,2023,36,2,35,34,3,157142.85714285716,0.0,110000.0,0.0,0.0,770.3192143467122,0.0,0.0,0,0,0.0,0.0,0.0,0.0,0,0.0,0.0,0,0.0,0.0,0.0,2,9.0,5.0,5.0,,,,,,,,,38633.86,38480.44140625,153.41859375000058
106512,2023,5,2,36,35,1,14913906.0,1868428.875,6690.080078125,0.0,7088288.5,7313898.0,675223.3636474609,17753256.0,0,0,177342.53125,0.0,0.0,0.0,0,9793.85425812116,0.0,0,0.0,0.0,41337276.0,2,4.0,,,,,,,,,,,27604810.76,30654602.0,-3049791.2399999984
108395,2023,5,2,35,33,1,299137.78125,0.0,258166.921875,531317.0625,80982.484375,28654.66421508789,10771.3994140625,1010698.7358398438,0,0,9538.078125,0.0,0.0,0.0,0,0.0,0.0,0,0.0,0.0,2508418.5,2,0.0,,,,,,,,,,,1307378.61,1527372.375,-219993.7649999999
83671,2023,10,2,38,37,5,2118186.75,4288.03564453125,68000.0703125,0.0,89505.81468200684,61778.45628929138,338.5226135253906,2736871.5949249268,0,0,0.0,0.0,0.0,0.0,0,0.0,0.0,0,0.0,0.0,2099347.25,2,17.0,14.0,9.0,7.0,6.0,,,,,,,2066471.71,2204899.5,-138427.79000000004
111541,2023,2,2,50,41,4,214275.75,82790.5390625,0.0,0.0,50882.31640625,27826.025390625,-20890.3359375,437671.0,0,0,0.0,0.0,0.0,0.0,0,0.0,0.0,0,0.0,0.0,2609934.884033203,2,15.0,14.0,10.0,8.0,,,,,,,,917309.75,1118473.0,-201163.25
62073,2023,33,2,50,43,0,89723776.0,525749.1875,3161.03173828125,0.0,5598346.0,9352973.0,318460.6866455078,23440150.0,0,0,921432.75,0.0,0.0,0.0,0,22036.172080772605,0.0,0,0.0,0.0,48975332.0,2,,,,,,,,,,,,59773810.92,62629468.0,-2855657.079999998
82914,2023,11,1,50,0,2,28846.02734375,0.0,0.0,0.0,0.0,0.0,0.0,0.0,0,0,0.0,0.0,0.0,0.0,0,0.0,0.0,0,0.0,0.0,0.0,2,17.0,11.0,,,,,,,,,,-8264.96,-6669.56005859375,-1595.3999414062491
109300,2023,5,2,39,36,2,386256.21875,1883.72119140625,460147.34375,82501.9296875,2301681.3076171875,39988.74462890625,2882.796943664551,14379161.125,0,0,19140.751953125,0.0,0.0,0.0,0,31830.026338893764,0.0,0,0.0,0.0,11050568.4375,2,7.0,5.0,,,,,,,,,,7527502.4,8346963.0,-819460.5999999996
72659,2023,26,2,45,44,2,322878.125,0.0,94752.52343749993,735.4139404296858,2584.1149291992188,474.11138916015625,0.0,2198.120483398434,0,0,0.0,0.0,0.0,0.0,0,0.0,0.0,0,3410.5063291139236,0.0,3495.256103515575,2,13.0,11.0,,,,,,,,,,82761.9,81474.3984375,1287.5015624999942
99949,2023,6,2,37,36,1,901632.3125,0.0,1140541.75,0.0,36885.5888671875,3124.6544799804688,0.0,58993.919921875,0,0,0.0,0.0,0.0,0.0,0,0.0,0.0,0,3248.1012658227846,0.0,1083.5903930664062,2,2.0,,,,,,,,,,,715196.33,699164.5,16031.829999999958
103593,2023,29,1,35,0,5,44752.890625,686.2913208007812,0.0,0.0,0.0,0.0,0.0,0.0,0,0,0.0,0.0,0.0,0.0,0,11018.086040386304,0.0,0,0.0,0.0,0.0,2,17.0,16.0,15.0,4.0,3.0,,,,,,,-8844.86,-8289.6796875,-555.1803125000006
59707,2023,40,1,45,0,0,1773496.5,600421.25,0.0,0.0,1549466.5,433285.875,174652.65625,20678984.0,0,0,1366142.5,0.0,0.0,0.0,0,6121.158911325723,0.0,0,0.0,0.0,47944280.0,2,,,,,,,,,,,,21038542.94,24613850.0,-3575307.0599999987
72514,2023,26,2,41,45,1,419259.5,0.0,18721.37109375,0.0,5325.88427734375,523.7710571289062,0.0,3513.3623046875,0,0,0.0,0.0,0.0,0.0,0,8569.622475856013,0.0,0,0.0,0.0,0.0,2,15.0,,,,,,,,,,,92487.04,90803.15625,1683.8837499999936
70389,2023,50,1,61,0,1,2750462.75,40340.5390625,0.0,0.0,19760.126953125,3334.52294921875,0.0,65087.94921875,0,0,18735.00390625,0.0,0.0,0.0,0,9793.85425812116,0.0,0,0.0,0.0,194559.5,2,8.0,,,,,,,,,,,1089164.57,1083901.25,5263.320000000065
75300,2023,17,2,33,31,3,0.0,-75935.375,21250.185546875,0.0,0.0,2.2072858810424805,-461613.90625,-144440.84375,0,0,0.0,0.0,0.0,0.0,0,0.0,0.0,0,0.0,0.0,-51506712.0,2,4.0,4.0,0.0,,,,,,,,,0.0,-7430.0,7430.0
22570,2023,47,2,50,48,2,136190.47619047618,0.0,0.0,0.0,91.37425742574258,10202.903501280956,0.0,0.0,0,0,38977.21484375,0.0,0.0,0.0,0,0.0,0.0,0,0.0,0.0,0.0,2,18.0,16.0,,,,,,,,,,21316.24,22816.240234375,-1500.0002343749984
53752,2023,5,2,43,45,3,104761.90476190476,0.0,628571.4285714286,0.0,8223.683168316831,36839.76942783945,1494.0,10958.773794808403,0,0,0.0,0.0,0.0,0.0,0,0.0,0.0,0,0.0,0.0,0.0,2,10.0,8.0,4.0,,,,,,,,,215526.3,211203.90625,4322.393749999988
79995,2023,34,2,48,44,1,34740.19921875,0.0,0.0,-6506.31884765625,0.0,0.0,-682185.2504882812,-83175.5546875,0,0,0.0,0.0,0.0,0.0,0,0.0,0.0,0,0.0,0.0,-6989538.0,2,17.0,,,,,,,,,,,-5576.8,-2937.090087890625,-2639.709912109375
106494,2023,5,2,48,45,2,324029.625,0.0,117831.3203125,0.0,2826.89404296875,584.4077301025391,0.0,6101.00048828125,0,0,0.0,0.0,0.0,0.0,0,0.0,0.0,0,0.0,0.0,3795.099365234375,2,16.0,12.0,,,,,,,,,,93531.93,92008.3828125,1523.547187499993
20300,2023,21,2,39,40,3,282857.1428571429,0.0,94285.71428571428,0.0,45.23025742574258,3130.833817250213,0.0,0.0,0,0,0.0,0.0,0.0,0.0,0,0.0,0.0,0,0.0,0.0,0.0,2,11.0,10.0,7.0,,,,,,,,,66686.27,65545.15625,1141.113750000004
81292,2023,34,2,73,74,0,0.0,0.0,646760.875,6720.359374999959,29112.296875,10000.709960937484,-380.2216491699219,124812.38281249977,0,0,715.5227661132793,32484.831460674155,0.0,0.0,0,0.0,0.0,0,0.0,0.0,128097.28124999978,2,,,,,,,,,,,,252291.88,258810.859375,-6518.979374999995
82404,2023,41,2,35,32,4,252017.734375,0.0,32416.7265625,0.0,2482.462303876877,225.10681533813477,0.0,641.652099609375,0,0,0.0,0.0,0.0,0.0,0,0.0,0.0,0,0.0,0.0,0.0,2,16.0,13.0,10.0,5.0,,,,,,,,41371.67,41066.1796875,305.49031249999825
61013,2023,33,1,78,0,0,368113.28125,2000288.25,0.0,0.0,1212454.125,856467.125,15282108.0,24530020.0,0,0,243322.328125,1225.8426966292134,0.0,0.0,0,0.0,0.0,0,0.0,0.0,9065601.0,2,,,,,,,,,,,,16176032.49,16976856.0,-800823.5099999998
111870,2023,12,2,60,64,0,3590849.5,349849.78125,0.0,-658945.125,252907.984375,515154.75,-1070395.46875,20823344.75,0,0,100569.8515625,1838.76404494382,0.0,0.0,0,0.0,0.0,0,0.0,0.0,9736884.0,2,,,,,,,,,,,,9053973.09,9774144.0,-720170.9100000001
9846,2023,36,2,51,51,4,0.0,0.0,89047.61904761905,0.0,0.0,1144.1827497865074,0.0,0.0,0,0,0.0,0.0,0.0,0.0,0,0.0,0.0,0,0.0,0.0,0.0,2,20.0,17.0,15.0,8.0,,,,,,,,-940.98,2059.02001953125,-3000.00001953125
81867,2023,41,2,46,47,1,29101.01953125,0.0,16708.302734375,-145.57720947265625,0.0,10.177610397338867,-24865.19140625,0.0,0,0,0.0,0.0,0.0,0.0,0,0.0,0.0,0,0.0,0.0,-9109.587890625,2,17.0,,,,,,,,,,,-2605.08,-194.1199951171875,-2410.9600048828124
79032,2023,49,1,81,0,0,11277.2529296875,0.0,0.0,0.0,50831.22265625,33244.18359375,569.51953125,702949.8125,0,0,53528.58203125,12675.213483146066,0.0,0.0,0,0.0,0.0,0,0.0,0.0,47134.48046875,2,,,,,,,,,,,,197788.87,218411.0625,-20622.192500000005
17519,2023,42,2,60,57,0,299619.04761904763,0.0,3980.952380952381,0.0,2923.9762376237627,3339.2645602049524,257.58620689655174,1889.443757725587,0,0,44174.1767578125,0.0,0.0,0.0,0,0.0,0.0,0,0.0,0.0,0.0,2,,,,,,,,,,,,66003.34,65522.66015625,480.6798437499965
68366,2023,14,2,41,40,2,142571.4375,0.0,85036.8828125,0.0,528.6060104370099,257.5473175048826,0.0,3384.508056640608,0,0,0.0,0.0,0.0,0.0,0,0.0,0.0,0,0.0,0.0,10216.003906249996,2,18.0,14.0,,,,,,,,,,33388.25,34888.25,-1500.0
100901,2023,32,2,83,78,0,0.0,0.0,3449255.5,1347909.5,417174.4375,580677.5842285156,-1865.43798828125,2056066.125,0,0,170372.078125,45291.823033707864,0.0,0.0,0,0.0,0.0,0,0.0,0.0,28236932.0,2,,,,,,,,,,,,10886729.76,13036879.0,-2150149.24
106416,2023,5,1,69,0,0,38817.4921875,33979.79296875,0.0,0.0,67320.7109375,6638.73193359375,0.0,170449.0625,0,0,43870.1640625,13054.203183520598,0.0,0.0,0,0.0,0.0,0,0.0,0.0,41320.53515625,2,,,,,,,,,,,,71408.29,74916.28125,-3507.9912500000064
111323,2023,2,2,42,43,1,8273097.5,6250782.0,0.0,-1344318.375,2004472.75,336412.0,-505098.484375,10979718.76171875,0,0,154017.484375,0.0,0.0,0.0,0,0.0,0.0,0,8445.06329113924,0.0,-1966143.75,2,10.0,,,,,,,,,,,7114931.37,8213907.0,-1098975.63
70342,2023,50,1,63,0,0,224239.28125,0.0,0.0,0.0,2166.800048828125,2121.968994140625,0.0,5356.19580078125,0,0,17105.873046875,0.0,0.0,0.0,0,0.0,0.0,0,0.0,0.0,0.0,2,,,,,,,,,,,,54007.99,53804.44140625,203.54859374999796
112081,2023,12,2,35,42,2,2872.42236328125,0.0,0.0,-3680.95751953125,0.0,0.0,-21519.64318847656,0.0,0,0,0.0,0.0,0.0,0.0,0,0.0,0.0,0,36378.734177215185,0.0,-4926.615039825439,2,5.0,2.0,,,,,,,,,,0.0,-1148.969970703125,1148.969970703125
95587,2023,44,1,75,0,0,14684171.0,3433130.75,0.0,0.0,364404.0,1004398.6875,0.0,175466.265625,0,0,114737.3515625,0.0,0.0,0.0,0,0.0,0.0,0,0.0,0.0,1294225.625,2,,,,,,,,,,,,7512063.92,7700515.0,-188451.08000000007
108472,2023,5,1,21,0,0,1034658.3125,0.0,0.0,0.0,29708.330078125,11923.4453125,0.0,63189.55078125,0,0,0.0,0.0,0.0,0.0,0,14690.781387181736,0.0,0,0.0,0.0,0.0,2,,,,,,,,,,,,372482.51,365005.5625,7476.947500000009
88534,2023,0,2,50,45,2,210456.125,0.0,59477.203125,0.0,1706.5901565551758,178.57789611816406,0.0,922.57421875,0,0,0.0,0.0,0.0,0.0,0,10773.239683933274,0.0,0,0.0,0.0,0.0,2,13.0,6.0,,,,,,,,,,41659.33,41479.921875,179.40812500000175
98951,2023,51,2,36,36,3,175826.359375,22367.93359375,220.3356170654297,-265.893310546875,132.87832641601562,33.78879928588867,-25.020112991333008,0.0,0,0,7539.15478515625,0.0,0.0,0.0,0,25708.86742756804,0.0,0,0.0,0.0,-7439.58544921875,2,15.0,13.0,11.0,,,,,,,,,21228.9,22920.9609375,-1692.0609374999985
71539,2023,16,1,70,0,0,1249994.5,623018.625,0.0,0.0,3311524.75,1707679.875,3929684.75,95584360.0,0,0,423457.65625,10602.51779026217,0.0,0.0,0,0.0,0.0,0,0.0,0.0,39223360.0,2,,,,,,,,,,,,38218100.98,41154376.0,-2936275.0200000033
60958,2023,33,2,38,38,1,1752984.25,0.0,439418.28125,0.0,104432.90808105467,20701.21802520752,3896.7607421875,722022.7366943359,0,0,1385.5743408203125,0.0,0.0,0.0,0,88144.68832309042,0.0,0,36378.734177215185,0.0,268612.46875,2,2.0,,,,,,,,,,,1034392.33,1036885.625,-2493.295000000042
111246,2023,2,2,67,71,0,9383.806640625,0.0,98549.8671875,0.0,10586.942558288574,2549.0046195983887,-134.10848999023438,15058.171875,0,0,44.42352294921875,66439.65262172284,0.0,0.0,0,5509.043020193151,0.0,0,0.0,0.0,0.0,2,,,,,,,,,,,,24427.83,25005.109375,-577.2793749999983
81938,2023,41,2,45,47,1,349892.75,0.0,297222.6875,0.0,6561.751220703125,1393.465789794922,0.0,42389.65625,0,0,0.0,0.0,0.0,0.0,0,0.0,0.0,0,0.0,0.0,4887.62548828125,2,15.0,,,,,,,,,,,177690.84,174486.1875,3204.6524999999965
78485,2023,47,2,62,75,0,64627.46875,0.0,1511883.875,180.16015625,98621.17706298828,30083.405883789062,5116.53955078125,689837.1875,0,0,17021.80078125,48727.24719101123,0.0,0.0,0,0.0,0.0,0,0.0,0.0,410739.5,2,,,,,,,,,,,,859516.18,878096.9375,-18580.75749999995
72246,2023,26,2,64,47,0,79840.890625,0.0,4201169.5,149031.140625,668477.9191894531,272748.15896606445,5948.2880859375,3188704.6574401855,0,0,103209.5078125,0.0,0.0,0.0,0,0.0,0.0,0,0.0,0.0,23780962.0,2,,,,,,,,,,,,9691217.78,11426902.0,-1735684.2200000007
3510,2023,7,2,59,58,0,178095.2380952381,0.0,209523.80952380953,0.0,1142.1782178217825,26238.952690008537,0.0,0.0,0,0,0.0,0.0,9805.6,0.0,0,0.0,0.0,0,0.0,0.0,0.0,2,,,,,,,,,,,,86798.24,85584.15625,1214.0837500000052
67912,2023,14,2,40,39,2,304527.375,15731.93359375,46858.30859375,0.0,185207.62016630173,62363.98125457764,3701.72998046875,4000172.0,0,0,0.0,0.0,0.0,0.0,0,0.0,0.0,0,29232.91139240506,0.0,3293184.25,2,6.0,4.0,,,,,,,,,,2051506.64,2295774.0,-244267.3600000001
71886,2023,16,2,61,60,0,7550.29541015625,0.0,190572.1875,4981.6513671875,23583.259765625,9849.036004438996,672.7309875488281,107429.8984375,0,0,6673.98583984375,0.0,0.0,0.0,0,0.0,0.0,0,0.0,0.0,969055.0,2,,,,,,,,,,,,319081.64,391282.59375,-72200.95374999999
22512,2023,47,2,50,49,5,0.0,0.0,628571.4285714286,0.0,22.84356435643565,2193.6242527754052,0.0,0.0,0,0,0.0,0.0,0.0,0.0,0,0.0,0.0,0,0.0,0.0,0.0,2,16.0,15.0,12.0,12.0,8.0,,,,,,,158356.37,154950.578125,3405.7918749999953
5062,2023,33,2,53,66,1,26192.57142857143,0.0,0.0,0.0,0.0,0.0,0.0,0.0,0,0,0.0,0.0,0.0,0.0,0,19587.708516242317,0.0,0,0.0,0.0,0.0,2,18.0,,,,,,,,,,,-5595.0,-3995.0,-1600.0
16302,2023,26,2,40,37,4,64952.380952380954,0.0,58666.66666666667,0.0,0.0,0.0,0.0,0.0,0,0,0.0,0.0,0.0,0.0,0,0.0,0.0,0,0.0,0.0,0.0,2,17.0,17.0,15.0,11.0,,,,,,,,3717.19,6717.18994140625,-2999.99994140625
12996,2023,23,2,40,44,3,146666.6666666667,0.0,125714.28571428572,0.0,1370.6138613861383,3385.177625960717,12879.310344827589,94472.18788627935,0,0,0.0,0.0,0.0,0.0,0,0.0,0.0,0,0.0,0.0,0.0,2,9.0,8.0,6.0,,,,,,,,,62154.03,62063.3984375,90.63156249999884
96326,2023,44,2,50,41,1,409784.6875,901552.5,128406.0546875,0.0,8664253.247558594,4095558.7293396,581452.3125,20477873.290283203,0,0,114692.046875,0.0,0.0,0.0,0,0.0,0.0,0,0.0,0.0,11401560.0,2,5.0,,,,,,,,,,,12650794.51,13552963.0,-902168.4900000002
101454,2023,3,2,43,43,3,3178.04345703125,0.0,40551.93359375,0.0,236.61715698242188,53.2856559753418,-11299.0068359375,3.3342525959014893,0,0,0.0,0.0,0.0,0.0,0,0.0,0.0,0,0.0,0.0,-3588.12841796875,2,15.0,11.0,4.0,,,,,,,,,-8942.54,-8834.2099609375,-108.33003906250087
105641,2023,38,2,44,40,2,0.0,0.0,346538.28125,234652.484375,396484.84375,428328.46875,220659.033203125,24787080.0,0,0,3183.715576171875,0.0,0.0,0.0,0,0.0,0.0,0,5846.5822784810125,0.0,2267286.25,2,6.0,0.0,,,,,,,,,,7045636.41,7232092.0,-186455.58999999985
88037,2023,43,2,67,62,0,0.0,0.0,37732.4765625,0.0,0.0,46.37830078601837,-7830.73095703125,-530.4984130859375,0,0,0.0,13263.617977528089,0.0,0.0,0,0.0,0.0,0,0.0,0.0,-12729.8896484375,2,,,,,,,,,,,,0.0,1028.4200439453125,-1028.4200439453125
97998,2023,13,2,33,32,1,137896.84375,61584.84765625,5514.923828125,0.0,4805.12255859375,569.270751953125,191.25027465820312,13497.85546875,0,0,2889.59326171875,0.0,0.0,0.0,0,0.0,0.0,0,0.0,0.0,357162.625,2,1.0,,,,,,,,,,,105381.41,134842.25,-29460.839999999997
83670,2023,10,1,59,0,0,299856.21875,66.95525360107422,0.0,0.0,5164.888671875,2132.07373046875,0.0,49358.359375,0,0,8867.1259765625,0.0,0.0,0.0,0,0.0,0.0,0,0.0,0.0,53571.34765625,2,,,,,,,,,,,,102082.49,104951.171875,-2868.6818749999948
83844,2023,10,1,65,0,0,1514713.125,213754.640625,0.0,0.0,133960.03125,60829.78125,6386.7548828125,161092.671875,0,0,146970.875,0.0,0.0,0.0,0,0.0,0.0,0,0.0,0.0,82433.4296875,2,,,,,,,,,,,,764523.07,775523.4375,-11000.367500000051
15672,2023,16,2,42,35,2,45047.61904761905,0.0,62857.14285714286,0.0,0.0,1472.1332194705378,0.0,0.0,0,0,0.0,0.0,0.0,0.0,0,0.0,0.0,0,0.0,0.0,0.0,2,19.0,16.0,,,,,,,,,,5361.23,6861.22998046875,-1499.9999804687504
94692,2023,44,2,28,58,0,1242.477294921875,0.0,232974.953125,98508.1953125,573693.9375,65597.5390625,8383.572265625,10262575.0,0,0,76490.1484375,0.0,0.0,0.0,0,0.0,0.0,0,0.0,0.0,14082832.0,2,,,,,,,,,,,,6840001.76,7890450.5,-1050448.7400000002
108055,2023,5,2,57,63,0,67868.265625,0.0,175829.84374999985,0.0,11600.910278320298,3576.7661437988263,0.0,27381.409332275387,0,0,8301.357421874993,0.0,0.0,0.0,0,9793.85425812116,0.0,0,0.0,0.0,0.0,2,,,,,,,,,,,,48899.99,48954.8984375,-54.90843750000204
77628,2023,9,1,44,0,2,29795.689453125,0.0,0.0,0.0,0.0,0.0,0.0,0.0,0,0,0.0,0.0,0.0,0.0,0,67332.74802458296,0.0,0,0.0,0.0,0.0,2,17.0,17.0,,,,,,,,,,-7969.99,-4869.56005859375,-3100.42994140625
69772,2023,23,1,48,0,1,342116.25,116334.75,0.0,0.0,68683.4765625,3718.498291015625,496024.40625,705797.4375,0,0,22342.365234375,0.0,0.0,0.0,0,6121.158911325723,0.0,0,0.0,0.0,3133300.75,2,13.0,,,,,,,,,,,1435740.91,1675890.5,-240149.59000000008
6761,2023,31,2,61,56,2,40615.14285714286,0.0,29333.333333333336,0.0,0.0,0.0,0.0,0.0,0,0,0.0,0.0,19992.0,0.0,0,15915.013169446882,0.0,0,0.0,0.0,0.0,2,25.0,12.0,,,,,,,,,,3028.86,4528.85986328125,-1499.9998632812499
32997,2023,25,2,46,35,0,0.0,-10623.48887293611,29333.333333333336,0.0,11.421782178217825,4.37267292912041,0.0,0.0,0,0,0.0,0.0,0.0,0.0,0,0.0,0.0,0,0.0,0.0,0.0,2,,,,,,,,,,,,-419.79,0.0,-419.79
111885,2023,12,1,48,0,2,18399.728515625,0.0,0.0,0.0,0.0,0.0,0.0,0.0,0,0,0.0,0.0,0.0,0.0,0,75902.37050043898,0.0,0,0.0,0.0,0.0,2,17.0,11.0,,,,,,,,,,-8988.96,-8204.0,-784.9599999999991
67400,2023,14,2,53,46,0,4163448.0,2950517.25,158831.5,8964.64453125,10733674.53125,2932528.3432617188,79758.68441030383,60665781.5,0,0,200014.73095703125,0.0,0.0,0.0,0,0.0,0.0,0,0.0,0.0,36604375.34375,2,,,,,,,,,,,,31573840.98,34438932.0,-2865091.0199999996
95634,2023,44,2,37,43,1,594483.5625,5927.41259765625,429185.21875,0.0,21628.6591796875,2781.142578125,53.38851547241211,266541.48828125,0,0,0.0,0.0,0.0,0.0,0,0.0,0.0,0,0.0,0.0,275249.1875,2,15.0,,,,,,,,,,,458237.97,472169.4375,-13931.467500000028
69980,2023,23,2,31,32,1,44140.61328125,0.0,178060.484375,12446.1142578125,468.97857666015625,482.88737392425537,0.0,20510.8359375,0,0,0.0,0.0,0.0,0.0,0,0.0,0.0,0,0.0,0.0,45664.76171875,2,0.0,,,,,,,,,,,46516.84,46684.0,-167.1600000000035
28102,2023,10,2,51,63,1,34152.380952380954,0.0,0.0,0.0,0.0,0.0,0.0,0.0,0,0,69119.59375,0.0,0.0,0.0,0,0.0,0.0,0,0.0,0.0,0.0,2,19.0,,,,,,,,,,,6628.64,8128.64013671875,-1500.0001367187497
71861,2023,16,2,53,54,1,25124.349609375,0.0,97860.0078125,0.0,0.0,36.03659439086914,-30.139047622680664,0.0,0,0,0.0,0.0,0.0,0.0,0,0.0,0.0,0,0.0,0.0,0.0,2,23.0,,,,,,,,,,,9578.86,11078.8603515625,-1500.0003515624994
76185,2023,8,2,69,76,0,557.7666625976562,0.0,566440.375,3544.693359375,223766.40625,31944.06886959076,35.88886642456055,1295792.625,0,0,57046.87109375,23964.203183520596,0.0,0.0,0,0.0,0.0,0,0.0,0.0,999278.9375,2,,,,,,,,,,,,831152.08,902718.375,-71566.29500000004
65315,2023,36,2,38,43,3,0.0,-5328.58837890625,35163.671875,0.0,0.0,0.0,-835078.4375,-25946.796875,0,0,0.0,0.0,0.0,0.0,0,0.0,0.0,0,0.0,0.0,-1098981.875,2,18.0,15.0,12.0,,,,,,,,,-11169.07,-9146.599609375,-2022.4703906249997
88139,2023,0,1,38,0,2,42497.4375,0.0,0.0,0.0,0.0,0.0,0.0,0.0,0,0,0.0,0.0,0.0,0.0,0,0.0,0.0,0,5630.042194092826,0.0,0.0,2,17.0,2.0,,,,,,,,,,-5101.34,-3034.8798828125,-2066.4601171875
6176,2023,31,1,52,0,2,0.0,22099.066762383347,0.0,0.0,0.0,0.0,0.0,0.0,0,0,0.0,0.0,0.0,0.0,0,64884.28446005267,0.0,0,0.0,0.0,0.0,2,13.0,11.0,,,,,,,,,,-9309.67,-9543.8603515625,234.19035156249993
94845,2023,44,2,29,29,0,29166.169921875,0.0,1410.733642578125,0.0,0.0,0.0,-1034.3353271484375,0.0,0,0,0.0,0.0,0.0,0.0,0,15915.013169446882,0.0,0,0.0,0.0,-1339.3038330078125,2,,,,,,,,,,,,50.33,184.25999450683594,-133.92999450683595
106662,2023,5,2,68,60,0,9958633.0,1620665.125,12789.009765625,0.0,15530347.0,5020514.787757874,398714.125,50469204.0,0,0,2448747.25,20839.325842696628,0.0,0.0,0,0.0,0.0,0,0.0,0.0,55585464.0,2,,,,,,,,,,,,39465423.21,43598300.0,-4132876.789999999
70031,2023,50,2,84,81,0,669661.75,53396.81640625,0.0,0.0,283617.21875,62562.51953125,15960.8515625,998422.0,0,0,58532.34375,36407.52808988764,0.0,0.0,0,0.0,0.0,0,0.0,0.0,2203069.75,2,,,,,,,,,,,,1207515.27,1371227.875,-163712.60499999998
90167,2023,25,2,39,34,4,10498434.0,1784357.5,22876.072265625,0.0,2925292.5,6846403.255911112,7263369.5,44788644.0,0,0,77740.3046875,0.0,0.0,0.0,0,0.0,0.0,0,0.0,0.0,73360424.0,2,15.0,14.0,13.0,8.0,,,,,,,,43295011.07,48748748.0,-5453736.93
74883,2023,28,2,42,42,2,222288.82812499985,0.0,61398.05859375,0.0,5622.057830810546,2444.874557495103,0.0,29354.589843749953,0,0,0.0,0.0,0.0,0.0,0,0.0,0.0,0,541.3502109704641,0.0,79314.98437499968,2,14.0,12.0,,,,,,,,,,66901.18,66986.828125,-85.64812500000698
89845,2023,25,2,70,70,2,0.0,0.0,34081.30859374999,189138.609375,6351.34912109375,8436.311523437449,-22622.384765625,100199.3515625,0,0,5107.755859374927,0.0,0.0,0.0,0,48.96927129060579,0.0,0,0.0,0.0,312574.7890625,2,20.0,6.0,,,,,,,,,,104309.22,139706.71875,-35397.49875
111048,2023,2,2,45,46,2,117831.3203125,0.0,702073.0625,0.0,14608.682861328123,1343.6360931396484,0.0,9510.59228515625,0,0,0.0,0.0,0.0,0.0,0,0.0,0.0,0,0.0,0.0,3795.099365234375,2,14.0,11.0,,,,,,,,,,235570.7,231693.296875,3877.4031250000116
20592,2023,21,2,48,47,1,15714.285714285716,0.0,47142.857142857145,0.0,0.0,0.0,0.0,0.0,0,0,0.0,0.0,0.0,0.0,0,0.0,0.0,0,0.0,0.0,0.0,2,17.0,,,,,,,,,,,1778.86,3278.860107421875,-1500.000107421875
60238,2023,7,2,63,60,0,24567.27734375,0.0,25988.2109375,0.0,0.0,46.103858947753906,0.0,0.0,0,0,0.0,0.0,0.0,51000.0,0,0.0,0.0,0,0.0,0.0,0.0,2,,,,,,,,,,,,8428.19,18093.349609375,-9665.159609375
76603,2023,21,2,77,77,0,420244.96875,3411.759033203125,0.0,-85711.2265625,93588.2890625,50086.19921875,-165325.234375,1359090.10546875,0,0,57601.41015625,41617.35955056179,0.0,0.0,0,0.0,0.0,0,0.0,0.0,1122926.1953125,2,,,,,,,,,,,,738521.81,820287.0625,-81765.25249999994
76276,2023,21,2,25,25,0,13648.6796875,0.0,93882.484375,804647.625,122514.78125,81358.921875,16254.3076171875,2900300.75,0,0,61935.453125,0.0,0.0,0.0,0,0.0,0.0,0,0.0,0.0,4044409.5,2,,,,,,,,,,,,2176511.85,2530267.0,-353755.1499999999
30949,2023,43,2,39,39,2,73333.33333333334,0.0,49238.09523809525,0.0,137.06138613861387,2182.6925704526043,0.0,0.0,0,0,0.0,0.0,0.0,0.0,0,0.0,0.0,0,0.0,0.0,0.0,2,19.0,12.0,,,,,,,,,,7987.47,9487.4697265625,-1499.9997265624997
84804,2023,10,1,67,0,0,19705.515625,19584.412109375,0.0,0.0,143771.953125,39812.18359375,0.0,912180.5,0,0,23273.296875,0.0,0.0,0.0,0,0.0,0.0,0,0.0,0.0,188122.640625,2,,,,,,,,,,,,304655.22,329367.5625,-24712.342500000028
25400,2023,41,2,54,55,2,94285.71428571428,0.0,167619.04761904763,0.0,0.0,304.6295473953885,0.0,0.0,0,0,0.0,0.0,0.0,0.0,0,0.0,0.0,0,0.0,0.0,0.0,2,19.0,17.0,,,,,,,,,,39200.53,42093.8203125,-2893.290312500001
70666,2023,50,2,69,71,0,1158.1507568359375,0.0,11954898.0,537222.3125,1583576.763885498,450084.0715942383,250267.62463378903,30072311.234069824,0,0,631504.75,50394.39325842696,0.0,0.0,0,0.0,0.0,0,0.0,0.0,48744084.0,2,,,,,,,,,,,,27103805.99,30643070.0,-3539264.0100000016
81395,2023,34,1,52,0,2,20061.640625,0.0,0.0,0.0,0.0,0.0,0.0,0.0,0,0,0.0,0.0,0.0,0.0,0,0.0,0.0,0,0.0,0.0,0.0,2,17.0,13.0,,,,,,,,,,-9238.25,-8204.0,-1034.25
112263,2023,12,2,54,53,1,0.0,-196407.625,23379.900390625,0.0,0.0,0.0,-478362.9375,-53559.984375,0,0,0.0,0.0,0.0,0.0,0,0.0,0.0,0,0.0,0.0,-25864222.0,2,14.0,,,,,,,,,,,0.0,-3995.0,3995.0
105500,2023,38,2,52,55,0,7469951.5,655765.5625,0.0,-2542894.75,219386.21875,637951.75,-1360197.3984375,1903646.625,0,0,43500.97265625,0.0,0.0,0.0,0,0.0,0.0,0,0.0,0.0,-8060054.5,2,,,,,,,,,,,,70881.45,3167005.75,-3096124.3
76830,2023,21,1,25,0,0,2489305.25,34632604.0,0.0,0.0,9999987.0,2423086.5,271335.375,62714948.0,0,0,137428.8125,0.0,0.0,0.0,0,19587.708516242317,0.0,0,0.0,0.0,24418566.0,2,,,,,,,,,,,,37000918.41,41009912.0,-4008993.5900000036
45727,2023,3,2,44,45,3,26190.47619047619,0.0,0.0,63747.3079684135,0.0,0.0,0.0,0.0,0,0,0.0,0.0,0.0,0.0,0,0.0,0.0,0,0.0,0.0,0.0,2,21.0,17.0,12.0,,,,,,,,,-897.52,2102.47998046875,-2999.99998046875
19713,2023,8,2,19,37,3,0.0,0.0,52380.95238095238,0.0,0.0,0.0,0.0,0.0,0,0,0.0,0.0,0.0,0.0,0,52641.96663740122,0.0,0,0.0,0.0,0.0,2,33.0,16.0,10.0,,,,,,,,,-5798.93,-3472.929931640625,-2326.0000683593753
103693,2023,29,1,63,0,0,38390144.0,3002943.25,0.0,0.0,190378.609375,552217.1875,98852.3203125,2621146.0,0,0,70518.09375,0.0,0.0,0.0,0,0.0,0.0,0,0.0,0.0,12836359.0,2,,,,,,,,,,,,20164453.63,20966096.0,-801642.370000001
78809,2023,47,2,52,52,1,92987.4140625,0.0,53254.6015625,0.0,219.35314750671387,43.82871675491333,0.0,60.94371795654297,0,0,0.0,0.0,0.0,0.0,0,0.0,0.0,0,0.0,0.0,0.0,2,26.0,,,,,,,,,,,14745.93,16245.9296875,-1499.9996874999997
109905,2023,5,2,82,77,0,0.0,0.0,1378370.75,1218543.25,142322.171875,100131.6640625,-48623.239501953125,7708735.092041016,0,0,140052.0,40818.51872659176,0.0,0.0,0,0.0,0.0,0,0.0,0.0,10704762.90625,2,,,,,,,,,,,,5933403.63,6796628.5,-863224.8700000001
88482,2023,0,2,50,53,0,402081.34375,489408.125,143799.125,0.0,113287.650390625,570064.5489501953,156524.046875,15154588.8046875,0,0,413210.5625,0.0,0.0,0.0,0,0.0,0.0,0,0.0,0.0,3537534.84375,2,,,,,,,,,,,,5398801.06,5692275.0,-293473.9400000004
102893,2023,45,2,40,45,4,0.0,0.0,417804.71875,1040212.0,5481510.5,1426890.375,14514052.11491394,45102780.0,0,0,49660.0078125,0.0,0.0,0.0,0,20811.94029850746,0.0,0,0.0,0.0,45430212.0,2,15.0,6.0,3.0,0.0,,,,,,,,32394289.57,35824492.0,-3430202.4299999997
98504,2023,13,1,71,0,0,463435.75,760611.6875,0.0,0.0,8594974.0,1632905.75,2748609.75,34916972.0,0,0,153138.296875,17161.797752808987,0.0,0.0,0,7957.506584723441,0.0,0,0.0,0.0,2620427.75,2,,,,,,,,,,,,13335139.14,13578772.0,-243632.8599999994
104436,2023,48,1,30,0,0,1095792.875,143786.40625,0.0,0.0,632596.625,213712.59375,1655674.625,17750026.0,0,0,38982.7734375,0.0,0.0,0.0,0,29381.562774363472,0.0,0,0.0,0.0,23608768.0,2,,,,,,,,,,,,12549726.22,14300582.0,-1750855.7799999993
78778,2023,47,2,51,50,3,2272505.75,12824.064453125,18289.458984375,0.0,81524.5546875,21844.78515625,-10193.03044128418,213253.40625,0,0,0.0,0.0,0.0,0.0,0,0.0,0.0,0,0.0,0.0,2201144.8671875,2,17.0,14.0,12.0,,,,,,,,,1517422.98,1663008.125,-145585.14500000002
93013,2023,37,2,31,31,1,343439.125,1908544.375,216029.421875,344180.28125,1559512.28125,1166493.125,72504.30859375,74831207.0,0,0,388635.54296875,0.0,0.0,0.0,0,0.0,0.0,0,0.0,0.0,9946567.25,2,0.0,,,,,,,,,,,22575598.83,23459544.0,-883945.1700000018
72476,2023,26,2,43,44,0,3161.03173828125,0.0,204535.92187499997,1193.0889892577975,26640.39453124991,7987.831054687498,-1575.2508544921875,114916.46093749993,0,0,0.0,0.0,0.0,0.0,0,0.0,0.0,0,0.0,0.0,676098.9375,2,,,,,,,,,,,,233486.11,283679.65625,-50193.546250000014
64982,2023,39,2,50,20,3,134109.43749999994,5532.040527343731,44.5051155090332,0.0,3954.058349609372,7857.484863281204,0.0,23501.32031249999,0,0,0.0,0.0,0.0,0.0,0,3060.5794556628616,0.0,0,0.0,0.0,676648.3749999999,2,18.0,16.0,14.0,,,,,,,,,181514.19,231304.359375,-49790.169375
24116,2023,34,1,37,0,0,209523.80952380953,0.0,0.0,0.0,0.0,21.863364645602047,0.0,0.0,0,0,0.0,0.0,0.0,0.0,0,0.0,0.0,0,0.0,0.0,0.0,2,,,,,,,,,,,,41541.12,41455.44140625,85.67859375000262
54786,2023,2,2,67,59,0,52380.95238095238,0.0,0.0,0.0,0.0,0.0,0.0,0.0,0,0,0.0,22726.10205992509,0.0,0.0,0,0.0,0.0,0,0.0,0.0,0.0,2,,,,,,,,,,,,4659.78,4974.66015625,-314.88015625000025
343,2023,20,1,46,0,0,1152379.9047619049,0.0,0.0,0.0,0.0,0.0,0.0,0.0,0,0,0.0,0.0,0.0,0.0,0,0.0,0.0,0,0.0,0.0,0.0,2,,,,,,,,,,,,390159.48,381588.09375,8571.386249999981
6718,2023,31,2,44,46,2,146666.6666666667,0.0,701904.7619047619,0.0,137.06138613861387,17181.689496157127,686.896551724138,5038.516687268232,0,0,0.0,0.0,0.0,0.0,0,0.0,0.0,0,0.0,0.0,0.0,2,16.0,12.0,,,,,,,,,,247535.7,242158.578125,5377.121875000012
88828,2023,0,2,74,72,0,8310485.0,992552.3125,57502.17187499996,0.0,3336869.340270996,1701910.0025634766,111056.3125,27424610.18389893,0,0,250680.5,38859.21348314606,0.0,0.0,0,0.0,0.0,0,0.0,0.0,37548959.37628174,2,,,,,,,,,,,,22663882.52,25436048.0,-2772165.4800000004
86593,2023,18,1,60,0,0,199666.734375,0.0,0.0,0.0,10684.0966796875,8326.2021484375,0.0,27119.978515625,0,0,13265.779296875,0.0,0.0,0.0,0,0.0,0.0,0,0.0,0.0,0.0,2,,,,,,,,,,,,52558.69,52626.3515625,-67.66156249999767
95968,2023,44,1,44,0,2,50806.99218749998,0.0,0.0,0.0,0.0,0.0,0.0,0.0,0,0,0.0,0.0,0.0,0.0,0,28157.33099209833,0.0,0,0.0,0.0,0.0,2,17.0,14.0,,,,,,,,,,-1157.74,342.260009765625,-1500.000009765625
85710,2023,10,2,82,58,0,18840568.0,1550516.25,0.0,-968276.9375,9563902.0,1228782.125,562960.703125,11127431.69140625,0,0,320429.3125,25312.630149812732,0.0,0.0,0,0.0,0.0,0,0.0,0.0,22815340.515625,2,,,,,,,,,,,,19769770.96,21466032.0,-1696261.039999999
98409,2023,13,2,30,34,2,396.2736511230469,-7443.076171875,49658.6484375,0.0,0.0,0.0,-5735.86474609375,0.0,0,0,0.0,0.0,0.0,0.0,0,0.0,0.0,0,0.0,0.0,-1558.2938232421875,2,7.0,2.0,,,,,,,,,,-6516.66,-4876.77978515625,-1639.8802148437499
93387,2023,37,2,78,69,0,0.0,0.0,79213.7890625,362.2923889160156,6355.04638671875,4378.214635372162,-49.42761993408203,56732.6953125,0,0,15852.802734375,26841.868913857674,0.0,0.0,0,0.0,0.0,0,0.0,0.0,386225.46875,2,,,,,,,,,,,,97895.89,123158.421875,-25262.531875
91142,2023,4,2,70,84,0,0.0,0.0,98663.18749999958,358.64364624022926,55600.910156249985,17085.742187499964,-3.690850257873535,250309.9999999999,0,0,31638.734374999935,69209.03558052433,0.0,0.0,0,0.0,0.0,0,0.0,0.0,110153.91406249996,2,,,,,,,,,,,,108897.92,115510.7734375,-6612.853437500002
99170,2023,51,1,39,0,0,434827.15625,1225783.25,0.0,0.0,674706.125,1183250.375,1861786.5,2282146.25,0,0,115551.921875,0.0,0.0,0.0,0,0.0,0.0,0,0.0,0.0,5126653.0,2,,,,,,,,,,,,3990295.48,4449282.0,-458986.52
54269,2023,5,2,37,35,1,167619.04761904763,0.0,286000.0,0.0,45.68712871287129,4008.283518360376,17.17241379310345,125.9629171817058,0,0,0.0,0.0,0.0,0.0,0,0.0,0.0,0,23386.32911392405,0.0,0.0,2,3.0,,,,,,,,,,,96660.57,94831.4765625,1829.093437500007
30224,2023,18,2,35,35,4,0.0,0.0,0.0,13811.916726489591,0.0,0.0,0.0,0.0,0,0,0.0,0.0,0.0,0.0,0,367.2695346795434,0.0,0,0.0,0.0,0.0,2,12.0,10.0,7.0,2.0,,,,,,,,-7326.68,-7473.0498046875,146.3698046874997
76467,2023,21,2,46,44,2,120569.875,0.0,132660.546875,15928.7685546875,11894.3369140625,3829.762700080872,132.2206039428711,54322.62109375,0,0,0.0,0.0,0.0,0.0,0,0.0,0.0,0,0.0,0.0,198540.890625,2,15.0,12.0,,,,,,,,,,98434.3,111971.0703125,-13536.770312499997
97427,2023,27,2,54,53,0,0.0,-21507.583984375,52860.46875,0.0,0.0,14.105382919311523,-237873.375,-3595.21484375,0,0,0.0,0.0,0.0,0.0,0,0.0,0.0,0,0.0,0.0,-29133.92578125,2,,,,,,,,,,,,0.0,66.69999694824219,-66.69999694824219
87400,2023,43,2,58,59,1,480087.5,1197792.5,7018.3701171875,0.0,305922.34375,710632.5625,404.7371520996094,4052127.25,0,0,134289.9375,0.0,0.0,0.0,0,0.0,0.0,0,0.0,0.0,1008670.25,2,22.0,,,,,,,,,,,2134848.16,2287357.0,-152508.83999999985
77471,2023,9,2,73,70,0,802025.5625,19082.248046875,0.0,0.0,138866.0,29246.267578125,-3956.263397216797,1143242.75,0,0,58297.5,51485.39325842696,0.0,0.0,0,0.0,0.0,0,0.0,0.0,935632.875,2,,,,,,,,,,,,856371.46,922349.5,-65978.04000000004
101202,2023,32,2,50,46,1,36415.00390625,0.0,41562.0390625,0.0,0.0,8.36992073059082,0.0,0.0,0,0,0.0,0.0,0.0,0.0,0,0.0,0.0,0,0.0,0.0,0.0,2,19.0,,,,,,,,,,,3594.25,5094.25,-1500.0
94991,2023,44,1,36,0,2,400283.125,64611.8203125,0.0,0.0,102071.28125,38195.44140625,0.0,6073519.0,0,0,0.0,0.0,0.0,0.0,0,24484.635645302893,0.0,0,0.0,0.0,24356274.0,2,15.0,13.0,,,,,,,,,,8814022.19,10619918.0,-1805895.8100000005
83415,2023,11,2,42,38,1,112012.9609375,0.0,25689194.0,409438.78125,625163.4375,7337831.323688507,15239.9873046875,20251472.0,0,0,23153.556640625,0.0,0.0,0.0,0,0.0,0.0,0,0.0,0.0,3130534.5,2,8.0,,,,,,,,,,,18720012.28,18751130.0,-31117.719999998808
6047,2023,33,2,51,47,2,54057.14285714286,0.0,73333.33333333334,0.0,0.0,4.37267292912041,0.0,0.0,0,0,0.0,0.0,0.0,0.0,0,0.0,0.0,0,0.0,0.0,0.0,2,23.0,21.0,,,,,,,,,,8547.87,11547.8701171875,-3000.000117187499
66503,2023,15,2,46,50,1,0.0,-176295.890625,18065.2265625,0.0,0.0,0.0,-364052.4375,-14239.9609375,0,0,0.0,0.0,0.0,0.0,0,0.0,0.0,0,0.0,0.0,-531678.625,2,16.0,,,,,,,,,,,0.0,-3995.0,3995.0
107023,2023,5,2,57,58,0,833854.1875,481859.25,538104.25,5968.4755859375,351638.953125,157725.369140625,3587.9708251953125,8824125.5625,0,0,116611.369140625,0.0,0.0,0.0,0,0.0,0.0,0,0.0,0.0,7091051.875,2,,,,,,,,,,,,4972657.28,5521853.0,-549195.7199999997
89710,2023,25,2,63,65,0,6273.1865234375,0.0,553206.3124999995,818.6010131835908,34466.80859375,11014.653320312487,-4123.343298912048,291573.68749999953,0,0,2843.551757812494,15016.573033707864,0.0,0.0,0,0.0,0.0,0,0.0,0.0,289857.68749999994,2,,,,,,,,,,,,301712.37,320548.6875,-18836.317500000005
80108,2023,34,2,85,85,0,18840568.0,1550516.25,0.0,0.0,9563902.0,1228782.125,775840.375,11175988.0,0,0,320429.3125,37067.44007490637,0.0,0.0,0,19587.708516242317,0.0,0,0.0,0.0,22927134.0,2,,,,,,,,,,,,20191026.18,21822812.0,-1631785.8200000003
67832,2023,14,2,38,47,1,301949.59375,0.0,233305.5625,0.0,2774.1422729492188,311.8430233001709,-993.73681640625,9462.080078125,0,0,0.0,0.0,0.0,0.0,0,15915.013169446882,0.0,0,0.0,0.0,0.0,2,4.0,,,,,,,,,,,126227.15,123667.8671875,2559.282812499994
108612,2023,5,2,33,32,2,186979.859375,15659.6923828125,2389.5087890625,0.0,7747.3505859375,1180.837646484375,0.0,26580.8203125,0,0,0.0,0.0,0.0,0.0,0,0.0,0.0,0,0.0,0.0,299599.15625,2,8.0,5.0,,,,,,,,,,96667.23,117552.328125,-20885.098125000004
103727,2023,29,2,47,18,1,0.0,-24996.03515625,7408.14697265625,0.0,0.0,0.0,-5268008.0,-40612.87890625,0,0,0.0,0.0,0.0,0.0,0,0.0,0.0,0,0.0,0.0,-2987667.75,2,11.0,,,,,,,,,,,0.0,-2518.77001953125,2518.77001953125
65611,2023,36,1,46,0,0,388293.625,150984.09375,0.0,0.0,473697.9375,6767060.5,8823485.0,7586814.0,0,0,113573.6875,0.0,0.0,0.0,0,12242.317822651446,0.0,0,0.0,0.0,2093020.0,2,,,,,,,,,,,,9083963.21,9249776.0,-165812.7899999991
66968,2023,15,2,62,63,0,179775.984375,272.3655090332031,55227.33984375,0.0,13557.653060913086,30377.066864013672,12.955175399780272,158223.671875,0,0,43156.3203125,5883.0234082397,0.0,0.0,0,0.0,0.0,0,0.0,0.0,825698.8125,2,,,,,,,,,,,,322140.44,383326.75,-61186.31
110895,2023,5,2,34,34,2,0.0,-11291.2900390625,11414.828125,0.0,0.0,0.0,-6286597.5,-7970.68505859375,0,0,0.0,0.0,0.0,0.0,0,0.0,0.0,0,0.0,0.0,-2172623.0,2,10.0,7.0,,,,,,,,,,-49.42,-4565.93017578125,4516.51017578125
57055,2023,30,1,61,0,0,31920562.0,465339.0,0.0,0.0,3405555.75,1519734.0,218587.03125,49765160.0,0,0,142548.9375,0.0,0.0,0.0,0,5019.3503072870935,0.0,0,0.0,0.0,21781528.0,2,,,,,,,,,,,,32052102.88,33411462.0,-1359359.120000001
100265,2023,6,2,82,76,0,18840568.0,1550516.25,0.0,0.0,9563902.0,1228782.125,775840.375,11175988.0,0,0,320429.3125,33485.93632958801,0.0,0.0,0,0.0,0.0,0,0.0,0.0,22927134.0,2,,,,,,,,,,,,20189899.79,21821688.0,-1631788.210000001
11839,2023,14,2,54,54,1,104761.90476190476,0.0,157142.85714285716,0.0,4797.148514851486,11061.404953031595,1373.793103448276,10077.033374536464,0,0,15157.8056640625,0.0,0.0,0.0,0,0.0,0.0,0,0.0,0.0,0.0,2,17.0,,,,,,,,,,,50973.4,52400.3515625,-1426.9515624999985
22606,2023,47,2,50,50,1,224190.4761904762,10624.551328068916,89047.61904761905,0.0,0.0,58534.057386848835,0.0,0.0,0,0,25984.810546875,0.0,0.0,0.0,0,0.0,0.0,0,0.0,0.0,0.0,2,17.0,,,,,,,,,,,79822.32,81049.6015625,-1227.281562499993
4644,2023,33,2,72,69,0,0.0,69059.58363244796,0.0,0.0,91.37425742574258,1516.588727583262,0.0,0.0,0,0,27452.951171875,53937.078651685384,0.0,0.0,0,0.0,0.0,0,0.0,0.0,0.0,2,,,,,,,,,,,,11613.62,11630.0400390625,-16.4200390624992
47737,2023,29,2,69,67,0,0.0,191241.9239052405,0.0,0.0,0.0,5837.518360375747,0.0,0.0,0,0,0.0,35753.745318352056,0.0,0.0,0,0.0,0.0,0,0.0,0.0,0.0,2,,,,,,,,,,,,23248.92,23290.970703125,-42.050703125001746
21476,2023,9,2,43,48,2,0.0,180617.37257717157,235714.28571428577,0.0,297.42320792079204,1457.5576430401363,111.79241379310346,820.0185908529048,0,0,0.0,0.0,0.0,0.0,0,8936.892010535557,0.0,0,5413.502109704641,0.0,0.0,2,11.0,9.0,,,,,,,,,,66376.72,66136.9765625,239.74343750000116
59841,2023,7,2,61,55,0,196352.62499999985,447.02093505859006,0.0,0.0,10881.217773437487,6231.49462890625,-2703.18310546875,29843.41796874995,0,0,13058.050781249933,0.0,0.0,0.0,0,24484.635645302893,0.0,0,0.0,0.0,535259.0261535636,2,,,,,,,,,,,,168822.04,206947.515625,-38125.47562499999
104727,2023,48,2,62,62,0,3753.024658203125,0.0,387179.96875,1438712.125,239601.109375,173704.5625,418992.21875,10448137.0,0,0,98890.6640625,0.0,0.0,0.0,0,0.0,0.0,0,0.0,0.0,7372368.5,2,,,,,,,,,,,,5499682.02,6139373.5,-639691.4800000004
53627,2023,5,2,23,48,1,0.0,0.0,52380.95238095238,0.0,0.0,3.6438941076003415,0.0,0.0,0,0,0.0,0.0,0.0,0.0,0,14690.781387181736,0.0,0,0.0,0.0,0.0,2,48.0,,,,,,,,,,,404.63,2022.1500244140625,-1617.5200244140624
62388,2023,33,2,56,57,1,390656.3125,0.0,21050266.0,830074.4375,1773897.77734375,398086.10626220703,15563.2109375,3516451.033203125,0,0,44563.39453125,0.0,0.0,0.0,0,0.0,0.0,0,0.0,0.0,23484317.69140625,2,12.0,,,,,,,,,,,16686024.33,18289380.0,-1603355.67
55314,2023,2,1,35,0,0,62857.14285714286,0.0,0.0,0.0,0.0,1858.3859948761744,0.0,0.0,0,0,0.0,0.0,0.0,0.0,0,0.0,0.0,0,0.0,0.0,0.0,2,,,,,,,,,,,,6497.92,6786.56005859375,-288.6400585937499
90743,2023,4,2,53,58,0,43948.18359375,0.0,172744.703125,0.0,15250.466785430806,2444.656021118163,0.0,96039.88281249977,0,0,3682.143066406236,0.0,0.0,0.0,0,0.0,0.0,0,0.0,0.0,40769.02734374987,2,,,,,,,,,,,,62356.57,62471.859375,-115.28937500000029
101581,2023,3,1,84,0,0,2139117.0,553217.8125,0.0,0.0,18356476.0,711061.75,2847597.75,24285940.0,0,0,580203.3125,17366.104868913855,0.0,0.0,0,0.0,0.0,0,0.0,0.0,5789027.5,2,,,,,,,,,,,,14461148.47,14910851.0,-449702.52999999933
80879,2023,34,2,35,35,1,240943.84375,0.0,12036358.0,1227355.125,3930812.25,341167.1139907837,47074.4482421875,24068604.0,0,0,72463.3515625,0.0,0.0,0.0,0,0.0,0.0,0,0.0,0.0,43849440.0,2,8.0,,,,,,,,,,,24765285.34,27983680.0,-3218394.66
47221,2023,29,2,49,43,3,0.0,106245.51328068916,0.0,0.0,0.0,0.0,0.0,0.0,0,0,0.0,0.0,0.0,0.0,0,0.0,0.0,0,0.0,0.0,0.0,2,19.0,18.0,5.0,,,,,,,,,379.79,3379.7900390625,-3000.0000390625
88535,2023,0,2,65,69,0,112325.765625,664.6813354492188,123105.41406249993,0.0,69026.57519531247,19311.011962890625,0.0,217778.00390624953,0,0,40333.45996093746,40550.876404494375,0.0,0.0,0,0.0,0.0,0,0.0,0.0,490244.03125,2,,,,,,,,,,,,254818.71,291098.4375,-36279.72750000001
107775,2023,5,2,77,77,0,0.0,-191508.5625,1378370.75,1218543.25,142322.171875,100131.6640625,-4718818.880126953,7563656.015625,0,0,140052.0,56400.00093632958,0.0,0.0,0,0.0,0.0,0,0.0,0.0,-5462511.0,2,,,,,,,,,,,,31918.9,1623872.0,-1591953.1
30720,2023,18,2,42,41,2,120476.19047619047,0.0,47142.857142857145,0.0,0.0,492.65448334756616,0.0,0.0,0,0,0.0,0.0,0.0,0.0,0,17139.244951712026,0.0,0,0.0,0.0,0.0,2,19.0,11.0,,,,,,,,,,17505.57,19005.5703125,-1500.0003125000003
5639,2023,33,2,59,58,0,128857.14285714288,0.0,157142.85714285716,0.0,0.0,256.53014517506404,0.0,0.0,0,0,0.0,0.0,0.0,0.0,0,2693.3099209833185,0.0,0,0.0,0.0,0.0,2,,,,,,,,,,,,49186.98,48863.3203125,323.6596875000032
83363,2023,11,1,39,0,0,434827.15625,1225783.25,0.0,0.0,674706.125,1183250.375,1861786.5,2282146.25,0,0,115551.921875,0.0,0.0,0.0,0,19587.708516242317,0.0,0,0.0,0.0,5126653.0,2,,,,,,,,,,,,3990295.48,4449282.0,-458986.52
66690,2023,15,2,31,27,2,333112.3125,1655816.75,44519.93359374996,325.36270141601403,588794.3212890625,933385.9973449708,1733420.625,24532758.0,0,0,541473.8125,0.0,0.0,0.0,0,0.0,0.0,0,0.0,0.0,11403674.494140623,2,3.0,1.0,,,,,,,,,,11198535.83,12150650.0,-952114.1699999999
64319,2023,39,2,40,18,3,45227.72265625,0.0,0.0,0.0,0.0,0.0,0.0,0.0,0,0,0.0,0.0,0.0,0.0,0,0.0,0.0,0,0.0,0.0,0.0,2,17.0,15.0,13.0,,,,,,,,,-8074.34,-6574.33984375,-1500.0001562500001
107873,2023,5,2,60,61,0,190572.1875,4981.6513671875,3695.29541015625,0.0,23583.259765625,9848.826171875,-12344.001586914062,107429.8984375,0,0,6673.98583984375,0.0,0.0,0.0,0,15915.013169446882,0.0,0,0.0,0.0,962585.1811523438,2,,,,,,,,,,,,312530.88,384250.03125,-71719.15125
89754,2023,25,2,37,37,2,227968.99999999985,3993.294189453105,2009181.125,953079.4375,225252.4454345703,571996.5446777344,673274.4375,7597221.955749512,0,0,21883.365234375,0.0,0.0,0.0,0,0.0,0.0,0,0.0,0.0,2368292.8281249995,2,18.0,16.0,,,,,,,,,,4128966.32,4350970.0,-222003.68000000017
109535,2023,5,2,35,45,2,83096.73437499999,1047.6014404296875,7047624.0,1425877.625,1953615.021484375,299685.0475463867,222040.0,41498104.5062561,0,0,43606.453125,0.0,0.0,0.0,0,17139.244951712026,0.0,0,12992.40506329114,0.0,3625210.063079834,2,7.0,5.0,,,,,,,,,,14688464.41,14989539.0,-301074.58999999985
65832,2023,36,2,44,41,4,1192308.625,1425.1840820312489,193341.51562499968,0.0,52458.29541015625,18943.875244140556,0.0,531549.2055664052,0,0,0.0,0.0,0.0,0.0,0,0.0,0.0,0,0.0,0.0,675970.1748046872,2,15.0,13.0,1.0,1.0,,,,,,,,789704.83,829707.625,-40002.79500000004
98627,2023,13,2,44,40,5,35245788.0,272884.40625,131175.17187499997,0.0,24089332.114013672,2998467.8411254883,25908312.0,60169686.470703125,0,0,160910.8125,0.0,0.0,0.0,0,0.0,0.0,0,0.0,0.0,25769609.54296875,2,15.0,14.0,12.0,9.0,7.0,,,,,,,52939123.59,54550660.0,-1611536.4099999964
57875,2023,46,2,41,40,2,214414.578125,17827.056640625,0.0,-5529.9150390625,813.5482177734375,213.67181396484375,-238000.0,-37770.34506225586,0,0,0.0,0.0,0.0,0.0,0,0.0,0.0,0,0.0,0.0,-1251856.0,2,10.0,8.0,,,,,,,,,,-3200.0,29958.83984375,-33158.83984375
62797,2023,31,2,65,62,0,49253.62499999997,16.73881340026841,12735.869140625,0.0,29980.88281249993,5605.434920310968,0.0,314184.9375,0,0,21650.494140624945,0.0,0.0,0.0,0,0.0,0.0,0,0.0,0.0,39036.48437499985,2,,,,,,,,,,,,70776.63,72135.4765625,-1358.8465624999953
103417,2023,29,2,33,31,4,27342.603515625,0.0,435256.5625,3946.055908203125,14702.2119140625,3431.8330078125,-9713.948081970217,132672.0,0,0,0.0,0.0,0.0,0.0,0,14690.781387181736,0.0,0,0.0,0.0,198161.625,2,6.0,6.0,5.0,2.0,,,,,,,,188533.93,200817.59375,-12283.663750000007
56567,2023,20,1,83,0,0,2139117.0,553217.8125,0.0,0.0,18356476.0,711061.75,2847597.75,24285940.0,0,0,580203.3125,0.0,0.0,0.0,0,26933.099209833184,0.0,0,0.0,0.0,5789027.5,2,,,,,,,,,,,,14455686.74,14905389.0,-449702.2599999998
71645,2023,16,1,35,0,0,443374.125,241541.078125,0.0,0.0,298446.0625,339110.875,407884.46875,2596738.0,0,0,88787.625,0.0,1020.0,0.0,0,0.0,0.0,0,0.0,0.0,6416103.0,2,,,,,,,,,,,,3117239.72,3608444.25,-491204.5299999998
98771,2023,13,2,37,37,3,408247.75,1765104.875,269466.0,277317.875,662207.6171875,548987.65625,1083668.46875,6623415.375,0,0,11045.094543457031,0.0,0.0,0.0,0,0.0,0.0,0,1082.7004219409282,0.0,6781947.75,2,12.0,10.0,6.0,,,,,,,,,5194209.06,5829289.5,-635080.4400000004
104913,2023,48,2,61,61,0,19562128.0,21669090.0,5657.69482421875,0.0,2067136.25,618684.875,16720060.442749023,26349152.0,0,0,216407.96875,0.0,0.0,0.0,0,0.0,0.0,0,0.0,0.0,21868450.0,2,,,,,,,,,,,,34242407.56,37078628.0,-2836220.4399999976
64609,2023,39,2,58,55,0,24312.384765625,0.0,0.0,-1288.203857421875,0.0,12.598429679870604,-224910.5625,-7542.09765625,0,0,0.0,0.0,0.0,0.0,0,0.0,0.0,0,0.0,0.0,-756318.625,2,,,,,,,,,,,,-90.96,0.0,-90.96
109490,2023,5,2,76,75,0,566440.375,3544.693359375,0.0,0.0,223766.40625,31933.3515625,-4562.004199981689,1295792.625,0,0,57046.87109375,38491.4606741573,0.0,0.0,0,0.0,0.0,0,0.0,0.0,999278.9375,2,,,,,,,,,,,,834405.7,905976.0,-71570.30000000005
3236,2023,40,2,69,71,0,148761.90476190476,0.0,125714.28571428572,0.0,0.0,10213.106404782236,0.0,0.0,0,0,909.4683837890624,0.0,0.0,0.0,0,0.0,0.0,0,0.0,0.0,0.0,2,,,,,,,,,,,,48570.5,48363.80078125,206.69921875
89812,2023,25,2,27,29,1,42708.984375,0.0,0.0,-17362.517578125,0.0,12.824542045593262,-17203694.0,-31290.81640625,0,0,0.0,0.0,0.0,0.0,0,0.0,0.0,0,0.0,0.0,-4542215.0,2,0.0,,,,,,,,,,,-5595.0,-3263.679931640625,-2331.320068359375
54821,2023,2,2,39,31,1,89047.61904761905,0.0,37714.28571428572,0.0,0.0,0.7287788215200682,0.0,0.0,0,0,0.0,0.0,0.0,0.0,0,10895.662862159788,0.0,0,0.0,0.0,0.0,2,9.0,,,,,,,,,,,10408.78,10986.0595703125,-577.2795703124993
40261,2023,44,2,40,19,1,28285.714285714286,0.0,15714.285714285716,0.0,0.0,219.36242527754055,0.0,0.0,0,0,0.0,0.0,0.0,0.0,0,15915.013169446882,0.0,0,0.0,0.0,0.0,2,18.0,,,,,,,,,,,-1770.39,-270.3900146484375,-1499.9999853515626
102312,2023,3,2,41,41,2,142571.4375,0.0,102545.921875,1130.80322265625,17536.81844329834,5192.160507202148,0.0,371961.34375,0,0,0.0,0.0,0.0,0.0,0,0.0,0.0,0,0.0,0.0,203561.078125,2,17.0,14.0,,,,,,,,,,165621.97,180941.3125,-15319.342499999999
58549,2023,22,2,44,48,0,231255.15625,443397.8125,47392.6875,0.0,92403.8984375,2678.073974609375,28.372644424438477,599646.5625,0,0,29382.15625,0.0,0.0,0.0,0,0.0,0.0,0,0.0,0.0,1031609.5,2,,,,,,,,,,,,635404.37,743004.25,-107599.88
35356,2023,19,2,53,52,1,144257.14285714287,0.0,25142.857142857145,0.0,0.0,32854.07805294619,0.0,0.0,0,0,0.0,0.0,0.0,0.0,0,0.0,0.0,0,9094.683544303796,0.0,0.0,2,19.0,,,,,,,,,,,26416.9,28516.900390625,-2100.0003906249985
97575,2023,27,2,42,38,4,8680960.0,1845987.75,46311.03125,0.0,2128698.174835205,2830112.91532135,18205588.0,133701986.53994752,0,0,129023.125,0.0,0.0,0.0,0,0.0,0.0,0,0.0,0.0,40282328.0,2,17.0,14.0,13.0,7.0,,,,,,,,56658914.42,59685100.0,-3026185.579999998
7021,2023,31,2,44,41,3,0.0,0.0,6285.714285714286,0.0,0.0,0.0,0.0,0.0,0,0,0.0,0.0,0.0,0.0,0,23260.40386303775,0.0,0,0.0,0.0,0.0,2,19.0,17.0,23.0,,,,,,,,,-3396.43,-2137.139892578125,-1259.2901074218748
98070,2023,13,2,64,30,0,0.0,-44106.22265625,111175.79687499994,0.0,1210.2266845703125,1477.81591796875,-461854.34375,-318216.58435058594,0,0,0.0,0.0,0.0,0.0,0,0.0,0.0,0,0.0,0.0,-446440.0048828125,2,,,,,,,,,,,,0.0,4101.68994140625,-4101.68994140625
84200,2023,10,2,48,49,0,24268.18359375,0.0,17406.265625,0.0,0.0,0.2537222504615783,-17329.15625,0.0,0,0,0.0,0.0,0.0,0.0,0,367.2695346795434,0.0,0,0.0,0.0,-1152.6534423828125,2,,,,,,,,,,,,982.2,1097.469970703125,-115.26997070312495
53450,2023,5,1,75,0,0,0.0,0.0,0.0,0.0,82236.83168316832,40229.319726729285,171723.96620689656,1259627.9121878862,0,0,77954.4296875,41310.89887640449,0.0,0.0,0,0.0,0.0,0,0.0,0.0,0.0,2,,,,,,,,,,,,401557.91,404127.84375,-2569.9337500000256
7341,2023,39,2,67,60,1,104761.90476190476,0.0,0.0,0.0,0.0,1821.9470538001708,0.0,0.0,0,0,0.0,0.0,0.0,0.0,0,0.0,0.0,0,0.0,0.0,0.0,2,22.0,,,,,,,,,,,6846.06,8346.0595703125,-1499.9995703124996
54930,2023,2,1,67,0,0,83809.52380952382,0.0,0.0,0.0,0.0,736.0666097352689,0.0,0.0,0,0,0.0,0.0,0.0,0.0,0,0.0,0.0,0,0.0,0.0,0.0,2,,,,,,,,,,,,10453.53,10742.169921875,-288.63992187499935
71502,2023,24,2,59,59,0,44506744.0,441235.125,0.0,0.0,3304030.5,818882.875,168597.65966796875,17724416.0,0,0,205122.171875,0.0,0.0,0.0,0,0.0,0.0,0,0.0,0.0,34766696.0,2,,,,,,,,,,,,32689686.67,34895464.0,-2205777.329999998
86422,2023,10,2,38,19,1,12327.607421875,-48574.61328125,23383.451171875,0.0,0.0,0.0,-920624.9375,-116609.953125,0,0,0.0,0.0,0.0,0.0,0,0.0,0.0,0,0.0,0.0,-5078889.5,2,12.0,,,,,,,,,,,0.0,-3995.0,3995.0
3382,2023,40,1,48,0,2,57036.571428571435,0.0,0.0,0.0,0.0,429.2507258753202,0.0,0.0,0,0,0.0,0.0,0.0,0.0,0,0.0,0.0,0,5413.502109704641,0.0,0.0,2,16.0,8.0,,,,,,,,,,-996.8,-514.0999755859375,-482.70002441406245
89684,2023,25,2,29,35,4,4392499.5,4887.7001953125,3570.342041015625,0.0,105551.1953125,67040.4140625,3337.22509765625,214125.6875,0,0,383.8358154296875,0.0,0.0,0.0,0,11630.201931518875,0.0,0,0.0,0.0,160971.78125,2,15.0,13.0,13.0,11.0,,,,,,,,1737468.96,1712493.75,24975.209999999963
111979,2023,12,2,53,45,2,838522.625,0.0,85317.03125,0.0,9835.247955322266,2062.1099967956543,0.0,22643.033332824707,0,0,0.0,0.0,0.0,0.0,0,0.0,0.0,0,0.0,0.0,0.0,2,10.0,5.0,,,,,,,,,,276107.71,270056.84375,6050.866250000021
54822,2023,2,2,39,44,6,0.0,0.0,45664.66666666667,0.0,0.0,2.186336464560205,0.0,0.0,0,0,0.0,0.0,0.0,133.73333333333332,0,0.0,0.0,0,0.0,0.0,0.0,2,17.0,15.0,13.0,10.0,6.0,4.0,,,,,,-10181.17,-9600.3896484375,-580.7803515625001
69865,2023,23,2,72,73,0,0.0,0.0,19234792.0,755087.875,8286988.5,2042221.375,7847397.0,26868022.0,0,0,205968.6875,29849.269662921342,0.0,0.0,0,0.0,0.0,0,0.0,0.0,35049780.0,2,,,,,,,,,,,,30292563.79,32766940.0,-2474376.210000001
102127,2023,3,2,45,43,1,34561.87109375,0.0,649255.8125,719.8024291992188,18014.486328125,8250.0941324234,289.96466064453125,251332.28125,0,0,16.966108322143555,0.0,0.0,0.0,0,11997.471466198418,0.0,0,0.0,0.0,265301.78125,2,18.0,,,,,,,,,,,322824.57,338697.125,-15872.554999999993
56863,2023,30,2,51,53,0,4507.91943359375,0.0,143799.125,0.0,4524.064453125,1078.1114501953125,-3438.69970703125,28289.8046875,0,0,0.0,0.0,0.0,0.0,0,0.0,0.0,0,0.0,0.0,240035.59375,2,,,,,,,,,,,,67654.68,70753.6484375,-3098.968437500007
86808,2023,18,2,27,25,5,423867.3125,0.0,13552.53515625,0.0,0.0,135.08697697520256,0.0,0.0,0,0,0.0,0.0,0.0,0.0,0,0.0,0.0,0,108.27004219409282,0.0,0.0,2,11.0,6.0,4.0,2.0,0.0,,,,,,,82365.47,80701.0625,1664.4075000000012
67481,2023,14,2,27,26,1,242059.515625,79106.8828125,2641.982177734375,0.0,14089.4111328125,2855.98095703125,0.0,5376.14794921875,0,0,0.0,0.0,0.0,0.0,0,3060.5794556628616,0.0,0,0.0,0.0,338935.90625,2,1.0,,,,,,,,,,,141383.71,171424.6875,-30040.977500000008
305,2023,20,2,38,34,1,0.0,-5843.503230437904,45041.333333333336,0.0,0.0,0.7287788215200682,0.0,0.0,0,0,0.0,0.0,0.0,0.0,0,0.0,0.0,0,0.0,0.0,0.0,2,12.0,,,,,,,,,,,-3074.79,-2141.1201171875,-933.6698828125
